<?xml version="1.0"?>
<link_info>
   <banner>TMS320C6x Linker PC v7.4.20</banner>
   <copyright>Copyright (c) 1996-2015 Texas Instruments Incorporated</copyright>
   <link_time>0x5ac57eee</link_time>
   <output_file>Projet_APP.out</output_file>
   <entry_point>
      <name>_c_int00</name>
      <address>0x3fa0</address>
   </entry_point>
   <input_file_list>
      <input_file id="fl-2">
         <path>.\Source\ASM\</path>
         <kind>object</kind>
         <file>IIR_2ndOrder_directII_ASM.obj</file>
         <name>IIR_2ndOrder_directII_ASM.obj</name>
      </input_file>
      <input_file id="fl-3">
         <path>.\Source\ASM\</path>
         <kind>object</kind>
         <file>Vectors_intr.obj</file>
         <name>Vectors_intr.obj</name>
      </input_file>
      <input_file id="fl-4">
         <path>.\Source\C\</path>
         <kind>object</kind>
         <file>C6713Helper_UdeS.obj</file>
         <name>C6713Helper_UdeS.obj</name>
      </input_file>
      <input_file id="fl-5">
         <path>.\Source\C\</path>
         <kind>object</kind>
         <file>IIR_2ndOrder_directII.obj</file>
         <name>IIR_2ndOrder_directII.obj</name>
      </input_file>
      <input_file id="fl-6">
         <path>.\Source\C\</path>
         <kind>object</kind>
         <file>filter.obj</file>
         <name>filter.obj</name>
      </input_file>
      <input_file id="fl-7">
         <path>.\Source\C\</path>
         <kind>object</kind>
         <file>main_accordeur.obj</file>
         <name>main_accordeur.obj</name>
      </input_file>
      <input_file id="fl-85">
         <path>C:\ti\ccsv7\tools\compiler\c6000_7.4.20\lib\</path>
         <kind>archive</kind>
         <file>rts6700.lib</file>
         <name>boot.obj</name>
      </input_file>
      <input_file id="fl-86">
         <path>C:\ti\ccsv7\tools\compiler\c6000_7.4.20\lib\</path>
         <kind>archive</kind>
         <file>rts6700.lib</file>
         <name>exit.obj</name>
      </input_file>
      <input_file id="fl-87">
         <path>C:\ti\ccsv7\tools\compiler\c6000_7.4.20\lib\</path>
         <kind>archive</kind>
         <file>rts6700.lib</file>
         <name>pow.obj</name>
      </input_file>
      <input_file id="fl-88">
         <path>C:\ti\ccsv7\tools\compiler\c6000_7.4.20\lib\</path>
         <kind>archive</kind>
         <file>rts6700.lib</file>
         <name>round.obj</name>
      </input_file>
      <input_file id="fl-89">
         <path>C:\ti\ccsv7\tools\compiler\c6000_7.4.20\lib\</path>
         <kind>archive</kind>
         <file>rts6700.lib</file>
         <name>trunc.obj</name>
      </input_file>
      <input_file id="fl-8a">
         <path>C:\ti\ccsv7\tools\compiler\c6000_7.4.20\lib\</path>
         <kind>archive</kind>
         <file>rts6700.lib</file>
         <name>args_main.obj</name>
      </input_file>
      <input_file id="fl-8b">
         <path>C:\ti\ccsv7\tools\compiler\c6000_7.4.20\lib\</path>
         <kind>archive</kind>
         <file>rts6700.lib</file>
         <name>autoinit.obj</name>
      </input_file>
      <input_file id="fl-8c">
         <path>C:\ti\ccsv7\tools\compiler\c6000_7.4.20\lib\</path>
         <kind>archive</kind>
         <file>rts6700.lib</file>
         <name>cpp_init.obj</name>
      </input_file>
      <input_file id="fl-8d">
         <path>C:\ti\ccsv7\tools\compiler\c6000_7.4.20\lib\</path>
         <kind>archive</kind>
         <file>rts6700.lib</file>
         <name>cpy_tbl.obj</name>
      </input_file>
      <input_file id="fl-8e">
         <path>C:\ti\ccsv7\tools\compiler\c6000_7.4.20\lib\</path>
         <kind>archive</kind>
         <file>rts6700.lib</file>
         <name>divd.obj</name>
      </input_file>
      <input_file id="fl-8f">
         <path>C:\ti\ccsv7\tools\compiler\c6000_7.4.20\lib\</path>
         <kind>archive</kind>
         <file>rts6700.lib</file>
         <name>errno.obj</name>
      </input_file>
      <input_file id="fl-90">
         <path>C:\ti\ccsv7\tools\compiler\c6000_7.4.20\lib\</path>
         <kind>archive</kind>
         <file>rts6700.lib</file>
         <name>frcmpyd_div.obj</name>
      </input_file>
      <input_file id="fl-91">
         <path>C:\ti\ccsv7\tools\compiler\c6000_7.4.20\lib\</path>
         <kind>archive</kind>
         <file>rts6700.lib</file>
         <name>frexp.obj</name>
      </input_file>
      <input_file id="fl-92">
         <path>C:\ti\ccsv7\tools\compiler\c6000_7.4.20\lib\</path>
         <kind>archive</kind>
         <file>rts6700.lib</file>
         <name>ldexp.obj</name>
      </input_file>
      <input_file id="fl-93">
         <path>C:\ti\ccsv7\tools\compiler\c6000_7.4.20\lib\</path>
         <kind>archive</kind>
         <file>rts6700.lib</file>
         <name>llshift.obj</name>
      </input_file>
      <input_file id="fl-94">
         <path>C:\ti\ccsv7\tools\compiler\c6000_7.4.20\lib\</path>
         <kind>archive</kind>
         <file>rts6700.lib</file>
         <name>memcpy62.obj</name>
      </input_file>
      <input_file id="fl-95">
         <path>C:\ti\ccsv7\tools\compiler\c6000_7.4.20\lib\</path>
         <kind>archive</kind>
         <file>rts6700.lib</file>
         <name>modf.obj</name>
      </input_file>
      <input_file id="fl-96">
         <path>C:\ti\ccsv7\tools\compiler\c6000_7.4.20\lib\</path>
         <kind>archive</kind>
         <file>rts6700.lib</file>
         <name>mpyll.obj</name>
      </input_file>
      <input_file id="fl-97">
         <path>C:\ti\dsk6713\lib\</path>
         <kind>archive</kind>
         <file>csl6713.lib</file>
         <name>csl_irq.obj</name>
      </input_file>
      <input_file id="fl-98">
         <path>C:\ti\dsk6713\lib\</path>
         <kind>archive</kind>
         <file>csl6713.lib</file>
         <name>csl_mcbsp.obj</name>
      </input_file>
      <input_file id="fl-99">
         <path>C:\ti\dsk6713\lib\</path>
         <kind>archive</kind>
         <file>dsk6713bsl.lib</file>
         <name>dsk6713.obj</name>
      </input_file>
      <input_file id="fl-9a">
         <path>C:\ti\dsk6713\lib\</path>
         <kind>archive</kind>
         <file>dsk6713bsl.lib</file>
         <name>dsk6713_aic23_closecodec.obj</name>
      </input_file>
      <input_file id="fl-9b">
         <path>C:\ti\dsk6713\lib\</path>
         <kind>archive</kind>
         <file>dsk6713bsl.lib</file>
         <name>dsk6713_aic23_opencodec.obj</name>
      </input_file>
      <input_file id="fl-9c">
         <path>C:\ti\dsk6713\lib\</path>
         <kind>archive</kind>
         <file>dsk6713bsl.lib</file>
         <name>dsk6713_aic23_registers.obj</name>
      </input_file>
      <input_file id="fl-9d">
         <path>C:\ti\dsk6713\lib\</path>
         <kind>archive</kind>
         <file>dsk6713bsl.lib</file>
         <name>dsk6713_aic23_setfreq.obj</name>
      </input_file>
      <input_file id="fl-9e">
         <path>C:\ti\dsk6713\lib\</path>
         <kind>archive</kind>
         <file>rts6700.lib</file>
         <name>strasg.obj</name>
      </input_file>
   </input_file_list>
   <object_component_list>
      <object_component id="oc-14">
         <name>.vectors</name>
         <load_address>0x0</load_address>
         <run_address>0x0</run_address>
         <size>0x200</size>
         <input_file_ref idref="fl-3"/>
      </object_component>
      <object_component id="oc-ad">
         <name>.text:_pow</name>
         <load_address>0x220</load_address>
         <run_address>0x220</run_address>
         <size>0x900</size>
         <input_file_ref idref="fl-87"/>
      </object_component>
      <object_component id="oc-94">
         <name>.text</name>
         <load_address>0xb20</load_address>
         <run_address>0xb20</run_address>
         <size>0x7e0</size>
         <input_file_ref idref="fl-4"/>
      </object_component>
      <object_component id="oc-b2">
         <name>.text:__divd</name>
         <load_address>0x1300</load_address>
         <run_address>0x1300</run_address>
         <size>0x720</size>
         <input_file_ref idref="fl-8e"/>
      </object_component>
      <object_component id="oc-72">
         <name>.text</name>
         <load_address>0x1a20</load_address>
         <run_address>0x1a20</run_address>
         <size>0x480</size>
         <input_file_ref idref="fl-99"/>
      </object_component>
      <object_component id="oc-95">
         <name>.text</name>
         <load_address>0x1ea0</load_address>
         <run_address>0x1ea0</run_address>
         <size>0x460</size>
         <input_file_ref idref="fl-6"/>
      </object_component>
      <object_component id="oc-7c">
         <name>.text</name>
         <load_address>0x2300</load_address>
         <run_address>0x2300</run_address>
         <size>0x320</size>
         <input_file_ref idref="fl-9b"/>
      </object_component>
      <object_component id="oc-2b">
         <name>.text:retain</name>
         <load_address>0x2620</load_address>
         <run_address>0x2620</run_address>
         <size>0x2c0</size>
         <input_file_ref idref="fl-7"/>
      </object_component>
      <object_component id="oc-9b">
         <name>.text:_memcpy</name>
         <load_address>0x28e0</load_address>
         <run_address>0x28e0</run_address>
         <size>0x240</size>
         <input_file_ref idref="fl-94"/>
      </object_component>
      <object_component id="oc-a6">
         <name>.text:_IRQ_map</name>
         <load_address>0x2b20</load_address>
         <run_address>0x2b20</run_address>
         <size>0x1a0</size>
         <input_file_ref idref="fl-97"/>
      </object_component>
      <object_component id="oc-b1">
         <name>.text:_ldexp</name>
         <load_address>0x2cc0</load_address>
         <run_address>0x2cc0</run_address>
         <size>0x1a0</size>
         <input_file_ref idref="fl-92"/>
      </object_component>
      <object_component id="oc-ae">
         <name>.text:_MCBSP_reset</name>
         <load_address>0x2e60</load_address>
         <run_address>0x2e60</run_address>
         <size>0x180</size>
         <input_file_ref idref="fl-98"/>
      </object_component>
      <object_component id="oc-82">
         <name>.text</name>
         <load_address>0x2fe0</load_address>
         <run_address>0x2fe0</run_address>
         <size>0x160</size>
         <input_file_ref idref="fl-9c"/>
      </object_component>
      <object_component id="oc-b7">
         <name>.text:__frcmpyd_div</name>
         <load_address>0x3140</load_address>
         <run_address>0x3140</run_address>
         <size>0x140</size>
         <input_file_ref idref="fl-90"/>
      </object_component>
      <object_component id="oc-f">
         <name>.text</name>
         <load_address>0x3280</load_address>
         <run_address>0x3280</run_address>
         <size>0x120</size>
         <input_file_ref idref="fl-2"/>
      </object_component>
      <object_component id="oc-b0">
         <name>.text:_frexp</name>
         <load_address>0x33a0</load_address>
         <run_address>0x33a0</run_address>
         <size>0x120</size>
         <input_file_ref idref="fl-91"/>
      </object_component>
      <object_component id="oc-99">
         <name>.text:_MCBSP_start</name>
         <load_address>0x34c0</load_address>
         <run_address>0x34c0</run_address>
         <size>0x100</size>
         <input_file_ref idref="fl-98"/>
      </object_component>
      <object_component id="oc-91">
         <name>.text:__auto_init</name>
         <load_address>0x35c0</load_address>
         <run_address>0x35c0</run_address>
         <size>0x100</size>
         <input_file_ref idref="fl-8b"/>
      </object_component>
      <object_component id="oc-98">
         <name>.text:_MCBSP_open</name>
         <load_address>0x36c0</load_address>
         <run_address>0x36c0</run_address>
         <size>0xe0</size>
         <input_file_ref idref="fl-98"/>
      </object_component>
      <object_component id="oc-b3">
         <name>.text:__nround</name>
         <load_address>0x37a0</load_address>
         <run_address>0x37a0</run_address>
         <size>0xe0</size>
         <input_file_ref idref="fl-88"/>
      </object_component>
      <object_component id="oc-96">
         <name>.text:__strasg</name>
         <load_address>0x3880</load_address>
         <run_address>0x3880</run_address>
         <size>0xe0</size>
         <input_file_ref idref="fl-9e"/>
      </object_component>
      <object_component id="oc-93">
         <name>.text:_exit</name>
         <load_address>0x3960</load_address>
         <run_address>0x3960</run_address>
         <size>0xe0</size>
         <input_file_ref idref="fl-86"/>
      </object_component>
      <object_component id="oc-b5">
         <name>.text:_modf</name>
         <load_address>0x3a40</load_address>
         <run_address>0x3a40</run_address>
         <size>0xe0</size>
         <input_file_ref idref="fl-95"/>
      </object_component>
      <object_component id="oc-9a">
         <name>.text:_copy_in</name>
         <load_address>0x3b20</load_address>
         <run_address>0x3b20</run_address>
         <size>0xc0</size>
         <input_file_ref idref="fl-8d"/>
      </object_component>
      <object_component id="oc-88">
         <name>.text</name>
         <load_address>0x3be0</load_address>
         <run_address>0x3be0</run_address>
         <size>0xc0</size>
         <input_file_ref idref="fl-9d"/>
      </object_component>
      <object_component id="oc-97">
         <name>.text:_MCBSP_close</name>
         <load_address>0x3ca0</load_address>
         <run_address>0x3ca0</run_address>
         <size>0xa0</size>
         <input_file_ref idref="fl-98"/>
      </object_component>
      <object_component id="oc-9f">
         <name>.text:_MCBSP_config</name>
         <load_address>0x3d40</load_address>
         <run_address>0x3d40</run_address>
         <size>0xa0</size>
         <input_file_ref idref="fl-98"/>
      </object_component>
      <object_component id="oc-b8">
         <name>.text:__mpyll</name>
         <load_address>0x3de0</load_address>
         <run_address>0x3de0</run_address>
         <size>0xa0</size>
         <input_file_ref idref="fl-96"/>
      </object_component>
      <object_component id="oc-af">
         <name>.text:_setMux</name>
         <load_address>0x3e80</load_address>
         <run_address>0x3e80</run_address>
         <size>0xa0</size>
         <input_file_ref idref="fl-97"/>
      </object_component>
      <object_component id="oc-9c">
         <name>.text:___TI_cpp_init</name>
         <load_address>0x3f20</load_address>
         <run_address>0x3f20</run_address>
         <size>0x80</size>
         <input_file_ref idref="fl-8c"/>
      </object_component>
      <object_component id="oc-e">
         <name>.text:_c_int00</name>
         <load_address>0x3fa0</load_address>
         <run_address>0x3fa0</run_address>
         <size>0x80</size>
         <input_file_ref idref="fl-85"/>
      </object_component>
      <object_component id="oc-78">
         <name>.text</name>
         <load_address>0x4020</load_address>
         <run_address>0x4020</run_address>
         <size>0x80</size>
         <input_file_ref idref="fl-9a"/>
      </object_component>
      <object_component id="oc-b6">
         <name>.text:__llshru</name>
         <load_address>0x40a0</load_address>
         <run_address>0x40a0</run_address>
         <size>0x60</size>
         <input_file_ref idref="fl-93"/>
      </object_component>
      <object_component id="oc-aa">
         <name>.text:_IRQ_enable</name>
         <load_address>0x4100</load_address>
         <run_address>0x4100</run_address>
         <size>0x40</size>
         <input_file_ref idref="fl-97"/>
      </object_component>
      <object_component id="oc-a7">
         <name>.text:_IRQ_reset</name>
         <load_address>0x4140</load_address>
         <run_address>0x4140</run_address>
         <size>0x40</size>
         <input_file_ref idref="fl-97"/>
      </object_component>
      <object_component id="oc-92">
         <name>.text:__args_main</name>
         <load_address>0x4180</load_address>
         <run_address>0x4180</run_address>
         <size>0x40</size>
         <input_file_ref idref="fl-8a"/>
      </object_component>
      <object_component id="oc-b4">
         <name>.text:__trunc</name>
         <load_address>0x41c0</load_address>
         <run_address>0x41c0</run_address>
         <size>0x40</size>
         <input_file_ref idref="fl-89"/>
      </object_component>
      <object_component id="oc-9d">
         <name>.text</name>
         <load_address>0x4200</load_address>
         <run_address>0x4200</run_address>
         <size>0x40</size>
         <input_file_ref idref="fl-7"/>
      </object_component>
      <object_component id="oc-13">
         <name>.text</name>
         <load_address>0x4240</load_address>
         <run_address>0x4240</run_address>
         <size>0x20</size>
         <input_file_ref idref="fl-3"/>
      </object_component>
      <object_component id="oc-a4">
         <name>.text:_IRQ_globalDisable</name>
         <load_address>0x4260</load_address>
         <run_address>0x4260</run_address>
         <size>0x20</size>
         <input_file_ref idref="fl-97"/>
      </object_component>
      <object_component id="oc-a8">
         <name>.text:_IRQ_globalEnable</name>
         <load_address>0x4280</load_address>
         <run_address>0x4280</run_address>
         <size>0x20</size>
         <input_file_ref idref="fl-97"/>
      </object_component>
      <object_component id="oc-a9">
         <name>.text:_IRQ_nmiEnable</name>
         <load_address>0x42a0</load_address>
         <run_address>0x42a0</run_address>
         <size>0x20</size>
         <input_file_ref idref="fl-97"/>
      </object_component>
      <object_component id="oc-a5">
         <name>.text:_MCBSP_getXmtEventId</name>
         <load_address>0x42c0</load_address>
         <run_address>0x42c0</run_address>
         <size>0x20</size>
         <input_file_ref idref="fl-98"/>
      </object_component>
      <object_component id="oc-a3">
         <name>.text:_MCBSP_read</name>
         <load_address>0x42e0</load_address>
         <run_address>0x42e0</run_address>
         <size>0x20</size>
         <input_file_ref idref="fl-98"/>
      </object_component>
      <object_component id="oc-a2">
         <name>.text:_MCBSP_rrdy</name>
         <load_address>0x4300</load_address>
         <run_address>0x4300</run_address>
         <size>0x20</size>
         <input_file_ref idref="fl-98"/>
      </object_component>
      <object_component id="oc-a1">
         <name>.text:_MCBSP_write</name>
         <load_address>0x4320</load_address>
         <run_address>0x4320</run_address>
         <size>0x20</size>
         <input_file_ref idref="fl-98"/>
      </object_component>
      <object_component id="oc-a0">
         <name>.text:_MCBSP_xrdy</name>
         <load_address>0x4340</load_address>
         <run_address>0x4340</run_address>
         <size>0x20</size>
         <input_file_ref idref="fl-98"/>
      </object_component>
      <object_component id="oc-9e">
         <name>.text:_abort</name>
         <load_address>0x4360</load_address>
         <run_address>0x4360</run_address>
         <size>0x20</size>
         <input_file_ref idref="fl-86"/>
      </object_component>
      <object_component id="oc-6b">
         <name>.text</name>
         <load_address>0x4380</load_address>
         <run_address>0x4380</run_address>
         <size>0x20</size>
         <input_file_ref idref="fl-97"/>
      </object_component>
      <object_component id="oc-39">
         <name>.cinit</name>
         <load_address>0x53a0</load_address>
         <run_address>0x53a0</run_address>
         <size>0x140</size>
         <input_file_ref idref="fl-87"/>
      </object_component>
      <object_component id="oc-6c">
         <name>.cinit</name>
         <load_address>0x54e0</load_address>
         <run_address>0x54e0</run_address>
         <size>0x12c</size>
         <input_file_ref idref="fl-97"/>
      </object_component>
      <object_component id="oc-19">
         <name>.cinit</name>
         <load_address>0x5610</load_address>
         <run_address>0x5610</run_address>
         <size>0x58</size>
         <input_file_ref idref="fl-4"/>
      </object_component>
      <object_component id="oc-6f">
         <name>.cinit</name>
         <load_address>0x5668</load_address>
         <run_address>0x5668</run_address>
         <size>0x54</size>
         <input_file_ref idref="fl-98"/>
      </object_component>
      <object_component id="oc-29">
         <name>.cinit</name>
         <load_address>0x56c0</load_address>
         <run_address>0x56c0</run_address>
         <size>0x4a</size>
         <input_file_ref idref="fl-7"/>
      </object_component>
      <object_component id="oc-83">
         <name>.cinit</name>
         <load_address>0x5710</load_address>
         <run_address>0x5710</run_address>
         <size>0x30</size>
         <input_file_ref idref="fl-9c"/>
      </object_component>
      <object_component id="oc-34">
         <name>.cinit</name>
         <load_address>0x5740</load_address>
         <run_address>0x5740</run_address>
         <size>0x2c</size>
         <input_file_ref idref="fl-86"/>
      </object_component>
      <object_component id="oc-89">
         <name>.cinit</name>
         <load_address>0x5770</load_address>
         <run_address>0x5770</run_address>
         <size>0x28</size>
         <input_file_ref idref="fl-9d"/>
      </object_component>
      <object_component id="oc-23">
         <name>.cinit</name>
         <load_address>0x5798</load_address>
         <run_address>0x5798</run_address>
         <size>0xc</size>
         <input_file_ref idref="fl-6"/>
      </object_component>
      <object_component id="oc-53">
         <name>.cinit</name>
         <load_address>0x57a8</load_address>
         <run_address>0x57a8</run_address>
         <size>0xc</size>
         <input_file_ref idref="fl-8f"/>
      </object_component>
      <object_component id="oc-30">
         <name>.stack</name>
         <uninitialized>true</uninitialized>
         <run_address>0x43a0</run_address>
         <size>0x8</size>
         <input_file_ref idref="fl-85"/>
      </object_component>
      <object_component id="oc-d0">
         <name>.stack</name>
         <uninitialized>true</uninitialized>
         <run_address>0x43a0</run_address>
         <size>0x0</size>
      </object_component>
      <object_component id="oc-7e">
         <name>.const</name>
         <load_address>0x5b24</load_address>
         <run_address>0x5b24</run_address>
         <size>0x40</size>
         <input_file_ref idref="fl-9b"/>
      </object_component>
      <object_component id="oc-ab">
         <name>.const:_IIR_COEFFS</name>
         <load_address>0x5b64</load_address>
         <run_address>0x5b64</run_address>
         <size>0x30</size>
         <input_file_ref idref="fl-6"/>
      </object_component>
      <object_component id="oc-74">
         <name>.const</name>
         <load_address>0x5b94</load_address>
         <run_address>0x5b94</run_address>
         <size>0x20</size>
         <input_file_ref idref="fl-99"/>
      </object_component>
      <object_component id="oc-ac">
         <name>.const:_IIR_GAINS</name>
         <load_address>0x5bb4</load_address>
         <run_address>0x5bb4</run_address>
         <size>0x8</size>
         <input_file_ref idref="fl-6"/>
      </object_component>
      <object_component id="oc-1a">
         <name>.far</name>
         <uninitialized>true</uninitialized>
         <run_address>0x59d4</run_address>
         <size>0x58</size>
         <input_file_ref idref="fl-4"/>
      </object_component>
      <object_component id="oc-24">
         <name>.far</name>
         <uninitialized>true</uninitialized>
         <run_address>0x5a64</run_address>
         <size>0x30</size>
         <input_file_ref idref="fl-6"/>
      </object_component>
      <object_component id="oc-2a">
         <name>.far</name>
         <uninitialized>true</uninitialized>
         <run_address>0x5a94</run_address>
         <size>0x2c</size>
         <input_file_ref idref="fl-7"/>
      </object_component>
      <object_component id="oc-35">
         <name>.far</name>
         <uninitialized>true</uninitialized>
         <run_address>0x5b08</run_address>
         <size>0xc</size>
         <input_file_ref idref="fl-86"/>
      </object_component>
      <object_component id="oc-3a">
         <name>.far</name>
         <uninitialized>true</uninitialized>
         <run_address>0x57c0</run_address>
         <size>0x120</size>
         <input_file_ref idref="fl-87"/>
      </object_component>
      <object_component id="oc-54">
         <name>.far</name>
         <uninitialized>true</uninitialized>
         <run_address>0x5b1c</run_address>
         <size>0x4</size>
         <input_file_ref idref="fl-8f"/>
      </object_component>
      <object_component id="oc-6d">
         <name>.far</name>
         <uninitialized>true</uninitialized>
         <run_address>0x58e0</run_address>
         <size>0xf4</size>
         <input_file_ref idref="fl-97"/>
      </object_component>
      <object_component id="oc-70">
         <name>.far</name>
         <uninitialized>true</uninitialized>
         <run_address>0x5a2c</run_address>
         <size>0x38</size>
         <input_file_ref idref="fl-98"/>
      </object_component>
      <object_component id="oc-73">
         <name>.far</name>
         <uninitialized>true</uninitialized>
         <run_address>0x5b20</run_address>
         <size>0x2</size>
         <input_file_ref idref="fl-99"/>
      </object_component>
      <object_component id="oc-7d">
         <name>.far</name>
         <uninitialized>true</uninitialized>
         <run_address>0x5b14</run_address>
         <size>0x8</size>
         <input_file_ref idref="fl-9b"/>
      </object_component>
      <object_component id="oc-84">
         <name>.far</name>
         <uninitialized>true</uninitialized>
         <run_address>0x5ac0</run_address>
         <size>0x28</size>
         <input_file_ref idref="fl-9c"/>
      </object_component>
      <object_component id="oc-8a">
         <name>.far</name>
         <uninitialized>true</uninitialized>
         <run_address>0x5ae8</run_address>
         <size>0x20</size>
         <input_file_ref idref="fl-9d"/>
      </object_component>
      <object_component id="oc-10">
         <name>.debug_info</name>
         <load_address>0x0</load_address>
         <run_address>0x0</run_address>
         <size>0xf8</size>
         <input_file_ref idref="fl-2"/>
      </object_component>
      <object_component id="oc-15">
         <name>.debug_info</name>
         <load_address>0xf8</load_address>
         <run_address>0xf8</run_address>
         <size>0x10e</size>
         <input_file_ref idref="fl-3"/>
      </object_component>
      <object_component id="oc-18">
         <name>.debug_info</name>
         <load_address>0x206</load_address>
         <run_address>0x206</run_address>
         <size>0x16ee</size>
         <input_file_ref idref="fl-4"/>
      </object_component>
      <object_component id="oc-1e">
         <name>.debug_info</name>
         <load_address>0x18f4</load_address>
         <run_address>0x18f4</run_address>
         <size>0x60c</size>
         <input_file_ref idref="fl-5"/>
      </object_component>
      <object_component id="oc-22">
         <name>.debug_info</name>
         <load_address>0x1f00</load_address>
         <run_address>0x1f00</run_address>
         <size>0xc83</size>
         <input_file_ref idref="fl-6"/>
      </object_component>
      <object_component id="oc-28">
         <name>.debug_info</name>
         <load_address>0x2b83</load_address>
         <run_address>0x2b83</run_address>
         <size>0xaab</size>
         <input_file_ref idref="fl-7"/>
      </object_component>
      <object_component id="oc-2f">
         <name>.debug_info</name>
         <load_address>0x362e</load_address>
         <run_address>0x362e</run_address>
         <size>0x70b</size>
         <input_file_ref idref="fl-85"/>
      </object_component>
      <object_component id="oc-33">
         <name>.debug_info</name>
         <load_address>0x3d39</load_address>
         <run_address>0x3d39</run_address>
         <size>0x7ff</size>
         <input_file_ref idref="fl-86"/>
      </object_component>
      <object_component id="oc-38">
         <name>.debug_info</name>
         <load_address>0x4538</load_address>
         <run_address>0x4538</run_address>
         <size>0x8b9</size>
         <input_file_ref idref="fl-87"/>
      </object_component>
      <object_component id="oc-3d">
         <name>.debug_info</name>
         <load_address>0x4df1</load_address>
         <run_address>0x4df1</run_address>
         <size>0x659</size>
         <input_file_ref idref="fl-88"/>
      </object_component>
      <object_component id="oc-40">
         <name>.debug_info</name>
         <load_address>0x544a</load_address>
         <run_address>0x544a</run_address>
         <size>0x651</size>
         <input_file_ref idref="fl-89"/>
      </object_component>
      <object_component id="oc-43">
         <name>.debug_info</name>
         <load_address>0x5a9b</load_address>
         <run_address>0x5a9b</run_address>
         <size>0x6e1</size>
         <input_file_ref idref="fl-8a"/>
      </object_component>
      <object_component id="oc-46">
         <name>.debug_info</name>
         <load_address>0x617c</load_address>
         <run_address>0x617c</run_address>
         <size>0x871</size>
         <input_file_ref idref="fl-8b"/>
      </object_component>
      <object_component id="oc-49">
         <name>.debug_info</name>
         <load_address>0x69ed</load_address>
         <run_address>0x69ed</run_address>
         <size>0x6e9</size>
         <input_file_ref idref="fl-8c"/>
      </object_component>
      <object_component id="oc-4c">
         <name>.debug_info</name>
         <load_address>0x70d6</load_address>
         <run_address>0x70d6</run_address>
         <size>0x7df</size>
         <input_file_ref idref="fl-8d"/>
      </object_component>
      <object_component id="oc-4f">
         <name>.debug_info</name>
         <load_address>0x78b5</load_address>
         <run_address>0x78b5</run_address>
         <size>0x982</size>
         <input_file_ref idref="fl-8e"/>
      </object_component>
      <object_component id="oc-52">
         <name>.debug_info</name>
         <load_address>0x8237</load_address>
         <run_address>0x8237</run_address>
         <size>0x5e2</size>
         <input_file_ref idref="fl-8f"/>
      </object_component>
      <object_component id="oc-56">
         <name>.debug_info</name>
         <load_address>0x8819</load_address>
         <run_address>0x8819</run_address>
         <size>0x6a4</size>
         <input_file_ref idref="fl-90"/>
      </object_component>
      <object_component id="oc-59">
         <name>.debug_info</name>
         <load_address>0x8ebd</load_address>
         <run_address>0x8ebd</run_address>
         <size>0x69b</size>
         <input_file_ref idref="fl-91"/>
      </object_component>
      <object_component id="oc-5c">
         <name>.debug_info</name>
         <load_address>0x9558</load_address>
         <run_address>0x9558</run_address>
         <size>0x697</size>
         <input_file_ref idref="fl-92"/>
      </object_component>
      <object_component id="oc-5f">
         <name>.debug_info</name>
         <load_address>0x9bef</load_address>
         <run_address>0x9bef</run_address>
         <size>0x691</size>
         <input_file_ref idref="fl-93"/>
      </object_component>
      <object_component id="oc-62">
         <name>.debug_info</name>
         <load_address>0xa280</load_address>
         <run_address>0xa280</run_address>
         <size>0x792</size>
         <input_file_ref idref="fl-94"/>
      </object_component>
      <object_component id="oc-65">
         <name>.debug_info</name>
         <load_address>0xaa12</load_address>
         <run_address>0xaa12</run_address>
         <size>0x680</size>
         <input_file_ref idref="fl-95"/>
      </object_component>
      <object_component id="oc-68">
         <name>.debug_info</name>
         <load_address>0xb092</load_address>
         <run_address>0xb092</run_address>
         <size>0x6b7</size>
         <input_file_ref idref="fl-96"/>
      </object_component>
      <object_component id="oc-76">
         <name>.debug_info</name>
         <load_address>0xb749</load_address>
         <run_address>0xb749</run_address>
         <size>0xa4e</size>
         <input_file_ref idref="fl-99"/>
      </object_component>
      <object_component id="oc-7a">
         <name>.debug_info</name>
         <load_address>0xc197</load_address>
         <run_address>0xc197</run_address>
         <size>0x7c9</size>
         <input_file_ref idref="fl-9a"/>
      </object_component>
      <object_component id="oc-80">
         <name>.debug_info</name>
         <load_address>0xc960</load_address>
         <run_address>0xc960</run_address>
         <size>0xa20</size>
         <input_file_ref idref="fl-9b"/>
      </object_component>
      <object_component id="oc-86">
         <name>.debug_info</name>
         <load_address>0xd380</load_address>
         <run_address>0xd380</run_address>
         <size>0xaa0</size>
         <input_file_ref idref="fl-9c"/>
      </object_component>
      <object_component id="oc-8c">
         <name>.debug_info</name>
         <load_address>0xde20</load_address>
         <run_address>0xde20</run_address>
         <size>0x723</size>
         <input_file_ref idref="fl-9d"/>
      </object_component>
      <object_component id="oc-8e">
         <name>.debug_info</name>
         <load_address>0xe543</load_address>
         <run_address>0xe543</run_address>
         <size>0xa8</size>
         <input_file_ref idref="fl-9e"/>
      </object_component>
      <object_component id="oc-d1">
         <name>.debug_info</name>
         <load_address>0xe5eb</load_address>
         <run_address>0xe5eb</run_address>
         <size>0x6e</size>
      </object_component>
      <object_component id="oc-11">
         <name>.debug_line</name>
         <load_address>0x0</load_address>
         <run_address>0x0</run_address>
         <size>0x99</size>
         <input_file_ref idref="fl-2"/>
      </object_component>
      <object_component id="oc-16">
         <name>.debug_line</name>
         <load_address>0x99</load_address>
         <run_address>0x99</run_address>
         <size>0xd8</size>
         <input_file_ref idref="fl-3"/>
      </object_component>
      <object_component id="oc-1c">
         <name>.debug_line</name>
         <load_address>0x171</load_address>
         <run_address>0x171</run_address>
         <size>0x18a</size>
         <input_file_ref idref="fl-4"/>
      </object_component>
      <object_component id="oc-20">
         <name>.debug_line</name>
         <load_address>0x2fb</load_address>
         <run_address>0x2fb</run_address>
         <size>0x41</size>
         <input_file_ref idref="fl-5"/>
      </object_component>
      <object_component id="oc-26">
         <name>.debug_line</name>
         <load_address>0x33c</load_address>
         <run_address>0x33c</run_address>
         <size>0x111</size>
         <input_file_ref idref="fl-6"/>
      </object_component>
      <object_component id="oc-2d">
         <name>.debug_line</name>
         <load_address>0x44d</load_address>
         <run_address>0x44d</run_address>
         <size>0x83</size>
         <input_file_ref idref="fl-7"/>
      </object_component>
      <object_component id="oc-31">
         <name>.debug_line</name>
         <load_address>0x4d0</load_address>
         <run_address>0x4d0</run_address>
         <size>0x3d</size>
         <input_file_ref idref="fl-85"/>
      </object_component>
      <object_component id="oc-36">
         <name>.debug_line</name>
         <load_address>0x50d</load_address>
         <run_address>0x50d</run_address>
         <size>0x4f</size>
         <input_file_ref idref="fl-86"/>
      </object_component>
      <object_component id="oc-3b">
         <name>.debug_line</name>
         <load_address>0x55c</load_address>
         <run_address>0x55c</run_address>
         <size>0x5c</size>
         <input_file_ref idref="fl-87"/>
      </object_component>
      <object_component id="oc-3e">
         <name>.debug_line</name>
         <load_address>0x5b8</load_address>
         <run_address>0x5b8</run_address>
         <size>0x38</size>
         <input_file_ref idref="fl-88"/>
      </object_component>
      <object_component id="oc-41">
         <name>.debug_line</name>
         <load_address>0x5f0</load_address>
         <run_address>0x5f0</run_address>
         <size>0x38</size>
         <input_file_ref idref="fl-89"/>
      </object_component>
      <object_component id="oc-44">
         <name>.debug_line</name>
         <load_address>0x628</load_address>
         <run_address>0x628</run_address>
         <size>0x41</size>
         <input_file_ref idref="fl-8a"/>
      </object_component>
      <object_component id="oc-47">
         <name>.debug_line</name>
         <load_address>0x669</load_address>
         <run_address>0x669</run_address>
         <size>0x47</size>
         <input_file_ref idref="fl-8b"/>
      </object_component>
      <object_component id="oc-4a">
         <name>.debug_line</name>
         <load_address>0x6b0</load_address>
         <run_address>0x6b0</run_address>
         <size>0x45</size>
         <input_file_ref idref="fl-8c"/>
      </object_component>
      <object_component id="oc-4d">
         <name>.debug_line</name>
         <load_address>0x6f5</load_address>
         <run_address>0x6f5</run_address>
         <size>0x44</size>
         <input_file_ref idref="fl-8d"/>
      </object_component>
      <object_component id="oc-50">
         <name>.debug_line</name>
         <load_address>0x739</load_address>
         <run_address>0x739</run_address>
         <size>0x3c</size>
         <input_file_ref idref="fl-8e"/>
      </object_component>
      <object_component id="oc-57">
         <name>.debug_line</name>
         <load_address>0x775</load_address>
         <run_address>0x775</run_address>
         <size>0x3e</size>
         <input_file_ref idref="fl-90"/>
      </object_component>
      <object_component id="oc-5a">
         <name>.debug_line</name>
         <load_address>0x7b3</load_address>
         <run_address>0x7b3</run_address>
         <size>0x38</size>
         <input_file_ref idref="fl-91"/>
      </object_component>
      <object_component id="oc-5d">
         <name>.debug_line</name>
         <load_address>0x7eb</load_address>
         <run_address>0x7eb</run_address>
         <size>0x3a</size>
         <input_file_ref idref="fl-92"/>
      </object_component>
      <object_component id="oc-60">
         <name>.debug_line</name>
         <load_address>0x825</load_address>
         <run_address>0x825</run_address>
         <size>0x3f</size>
         <input_file_ref idref="fl-93"/>
      </object_component>
      <object_component id="oc-63">
         <name>.debug_line</name>
         <load_address>0x864</load_address>
         <run_address>0x864</run_address>
         <size>0x4e</size>
         <input_file_ref idref="fl-94"/>
      </object_component>
      <object_component id="oc-66">
         <name>.debug_line</name>
         <load_address>0x8b2</load_address>
         <run_address>0x8b2</run_address>
         <size>0x37</size>
         <input_file_ref idref="fl-95"/>
      </object_component>
      <object_component id="oc-69">
         <name>.debug_line</name>
         <load_address>0x8e9</load_address>
         <run_address>0x8e9</run_address>
         <size>0x3d</size>
         <input_file_ref idref="fl-96"/>
      </object_component>
      <object_component id="oc-77">
         <name>.debug_line</name>
         <load_address>0x926</load_address>
         <run_address>0x926</run_address>
         <size>0xb2</size>
         <input_file_ref idref="fl-99"/>
      </object_component>
      <object_component id="oc-7b">
         <name>.debug_line</name>
         <load_address>0x9d8</load_address>
         <run_address>0x9d8</run_address>
         <size>0x4c</size>
         <input_file_ref idref="fl-9a"/>
      </object_component>
      <object_component id="oc-81">
         <name>.debug_line</name>
         <load_address>0xa24</load_address>
         <run_address>0xa24</run_address>
         <size>0x4f</size>
         <input_file_ref idref="fl-9b"/>
      </object_component>
      <object_component id="oc-87">
         <name>.debug_line</name>
         <load_address>0xa73</load_address>
         <run_address>0xa73</run_address>
         <size>0x7e</size>
         <input_file_ref idref="fl-9c"/>
      </object_component>
      <object_component id="oc-8d">
         <name>.debug_line</name>
         <load_address>0xaf1</load_address>
         <run_address>0xaf1</run_address>
         <size>0x50</size>
         <input_file_ref idref="fl-9d"/>
      </object_component>
      <object_component id="oc-8f">
         <name>.debug_line</name>
         <load_address>0xb41</load_address>
         <run_address>0xb41</run_address>
         <size>0x48</size>
         <input_file_ref idref="fl-9e"/>
      </object_component>
      <object_component id="oc-12">
         <name>.debug_abbrev</name>
         <load_address>0x0</load_address>
         <run_address>0x0</run_address>
         <size>0x21</size>
         <input_file_ref idref="fl-2"/>
      </object_component>
      <object_component id="oc-17">
         <name>.debug_abbrev</name>
         <load_address>0x21</load_address>
         <run_address>0x21</run_address>
         <size>0x21</size>
         <input_file_ref idref="fl-3"/>
      </object_component>
      <object_component id="oc-1d">
         <name>.debug_abbrev</name>
         <load_address>0x42</load_address>
         <run_address>0x42</run_address>
         <size>0x18e</size>
         <input_file_ref idref="fl-4"/>
      </object_component>
      <object_component id="oc-21">
         <name>.debug_abbrev</name>
         <load_address>0x1d0</load_address>
         <run_address>0x1d0</run_address>
         <size>0xbc</size>
         <input_file_ref idref="fl-5"/>
      </object_component>
      <object_component id="oc-27">
         <name>.debug_abbrev</name>
         <load_address>0x28c</load_address>
         <run_address>0x28c</run_address>
         <size>0x120</size>
         <input_file_ref idref="fl-6"/>
      </object_component>
      <object_component id="oc-2e">
         <name>.debug_abbrev</name>
         <load_address>0x3ac</load_address>
         <run_address>0x3ac</run_address>
         <size>0x151</size>
         <input_file_ref idref="fl-7"/>
      </object_component>
      <object_component id="oc-32">
         <name>.debug_abbrev</name>
         <load_address>0x4fd</load_address>
         <run_address>0x4fd</run_address>
         <size>0xfe</size>
         <input_file_ref idref="fl-85"/>
      </object_component>
      <object_component id="oc-37">
         <name>.debug_abbrev</name>
         <load_address>0x5fb</load_address>
         <run_address>0x5fb</run_address>
         <size>0x119</size>
         <input_file_ref idref="fl-86"/>
      </object_component>
      <object_component id="oc-3c">
         <name>.debug_abbrev</name>
         <load_address>0x714</load_address>
         <run_address>0x714</run_address>
         <size>0xdc</size>
         <input_file_ref idref="fl-87"/>
      </object_component>
      <object_component id="oc-3f">
         <name>.debug_abbrev</name>
         <load_address>0x7f0</load_address>
         <run_address>0x7f0</run_address>
         <size>0xaf</size>
         <input_file_ref idref="fl-88"/>
      </object_component>
      <object_component id="oc-42">
         <name>.debug_abbrev</name>
         <load_address>0x89f</load_address>
         <run_address>0x89f</run_address>
         <size>0xaf</size>
         <input_file_ref idref="fl-89"/>
      </object_component>
      <object_component id="oc-45">
         <name>.debug_abbrev</name>
         <load_address>0x94e</load_address>
         <run_address>0x94e</run_address>
         <size>0xe1</size>
         <input_file_ref idref="fl-8a"/>
      </object_component>
      <object_component id="oc-48">
         <name>.debug_abbrev</name>
         <load_address>0xa2f</load_address>
         <run_address>0xa2f</run_address>
         <size>0x13f</size>
         <input_file_ref idref="fl-8b"/>
      </object_component>
      <object_component id="oc-4b">
         <name>.debug_abbrev</name>
         <load_address>0xb6e</load_address>
         <run_address>0xb6e</run_address>
         <size>0xdd</size>
         <input_file_ref idref="fl-8c"/>
      </object_component>
      <object_component id="oc-4e">
         <name>.debug_abbrev</name>
         <load_address>0xc4b</load_address>
         <run_address>0xc4b</run_address>
         <size>0x10c</size>
         <input_file_ref idref="fl-8d"/>
      </object_component>
      <object_component id="oc-51">
         <name>.debug_abbrev</name>
         <load_address>0xd57</load_address>
         <run_address>0xd57</run_address>
         <size>0xf5</size>
         <input_file_ref idref="fl-8e"/>
      </object_component>
      <object_component id="oc-55">
         <name>.debug_abbrev</name>
         <load_address>0xe4c</load_address>
         <run_address>0xe4c</run_address>
         <size>0x44</size>
         <input_file_ref idref="fl-8f"/>
      </object_component>
      <object_component id="oc-58">
         <name>.debug_abbrev</name>
         <load_address>0xe90</load_address>
         <run_address>0xe90</run_address>
         <size>0x9a</size>
         <input_file_ref idref="fl-90"/>
      </object_component>
      <object_component id="oc-5b">
         <name>.debug_abbrev</name>
         <load_address>0xf2a</load_address>
         <run_address>0xf2a</run_address>
         <size>0xb1</size>
         <input_file_ref idref="fl-91"/>
      </object_component>
      <object_component id="oc-5e">
         <name>.debug_abbrev</name>
         <load_address>0xfdb</load_address>
         <run_address>0xfdb</run_address>
         <size>0xa8</size>
         <input_file_ref idref="fl-92"/>
      </object_component>
      <object_component id="oc-61">
         <name>.debug_abbrev</name>
         <load_address>0x1083</load_address>
         <run_address>0x1083</run_address>
         <size>0xa3</size>
         <input_file_ref idref="fl-93"/>
      </object_component>
      <object_component id="oc-64">
         <name>.debug_abbrev</name>
         <load_address>0x1126</load_address>
         <run_address>0x1126</run_address>
         <size>0xd5</size>
         <input_file_ref idref="fl-94"/>
      </object_component>
      <object_component id="oc-67">
         <name>.debug_abbrev</name>
         <load_address>0x11fb</load_address>
         <run_address>0x11fb</run_address>
         <size>0xa1</size>
         <input_file_ref idref="fl-95"/>
      </object_component>
      <object_component id="oc-6a">
         <name>.debug_abbrev</name>
         <load_address>0x129c</load_address>
         <run_address>0x129c</run_address>
         <size>0xa3</size>
         <input_file_ref idref="fl-96"/>
      </object_component>
      <object_component id="oc-75">
         <name>.debug_abbrev</name>
         <load_address>0x133f</load_address>
         <run_address>0x133f</run_address>
         <size>0x19a</size>
         <input_file_ref idref="fl-99"/>
      </object_component>
      <object_component id="oc-79">
         <name>.debug_abbrev</name>
         <load_address>0x14d9</load_address>
         <run_address>0x14d9</run_address>
         <size>0xd9</size>
         <input_file_ref idref="fl-9a"/>
      </object_component>
      <object_component id="oc-7f">
         <name>.debug_abbrev</name>
         <load_address>0x15b2</load_address>
         <run_address>0x15b2</run_address>
         <size>0x12a</size>
         <input_file_ref idref="fl-9b"/>
      </object_component>
      <object_component id="oc-85">
         <name>.debug_abbrev</name>
         <load_address>0x16dc</load_address>
         <run_address>0x16dc</run_address>
         <size>0x152</size>
         <input_file_ref idref="fl-9c"/>
      </object_component>
      <object_component id="oc-8b">
         <name>.debug_abbrev</name>
         <load_address>0x182e</load_address>
         <run_address>0x182e</run_address>
         <size>0xf5</size>
         <input_file_ref idref="fl-9d"/>
      </object_component>
      <object_component id="oc-90">
         <name>.debug_abbrev</name>
         <load_address>0x1923</load_address>
         <run_address>0x1923</run_address>
         <size>0x38</size>
         <input_file_ref idref="fl-9e"/>
      </object_component>
      <object_component id="oc-d2">
         <name>.debug_abbrev</name>
         <load_address>0x195b</load_address>
         <run_address>0x195b</run_address>
         <size>0xd</size>
      </object_component>
      <object_component id="oc-1b">
         <name>.debug_frame</name>
         <load_address>0x0</load_address>
         <run_address>0x0</run_address>
         <size>0x36d</size>
         <input_file_ref idref="fl-4"/>
      </object_component>
      <object_component id="oc-1f">
         <name>.debug_frame</name>
         <load_address>0x36d</load_address>
         <run_address>0x36d</run_address>
         <size>0x23f</size>
         <input_file_ref idref="fl-5"/>
      </object_component>
      <object_component id="oc-25">
         <name>.debug_frame</name>
         <load_address>0x5ac</load_address>
         <run_address>0x5ac</run_address>
         <size>0x30f</size>
         <input_file_ref idref="fl-6"/>
      </object_component>
      <object_component id="oc-2c">
         <name>.debug_frame</name>
         <load_address>0x8bb</load_address>
         <run_address>0x8bb</run_address>
         <size>0x2d7</size>
         <input_file_ref idref="fl-7"/>
      </object_component>
      <object_component id="oc-6e">
         <name>$BRID</name>
         <load_address>0x0</load_address>
         <run_address>0x0</run_address>
         <size>0x78</size>
         <input_file_ref idref="fl-97"/>
      </object_component>
      <object_component id="oc-71">
         <name>$BRID</name>
         <load_address>0x78</load_address>
         <run_address>0x78</run_address>
         <size>0x7c</size>
         <input_file_ref idref="fl-98"/>
      </object_component>
   </object_component_list>
   <logical_group_list>
      <logical_group id="lg-2">
         <name>.EXT_RAM</name>
         <run_address>0x0</run_address>
         <size>0x0</size>
         <contents>
         </contents>
      </logical_group>
      <logical_group id="lg-3">
         <name>.vectors</name>
         <load_address>0x0</load_address>
         <run_address>0x0</run_address>
         <size>0x200</size>
         <contents>
            <object_component_ref idref="oc-14"/>
         </contents>
      </logical_group>
      <logical_group id="lg-4">
         <name>.text</name>
         <load_address>0x220</load_address>
         <run_address>0x220</run_address>
         <size>0x4180</size>
         <contents>
            <object_component_ref idref="oc-ad"/>
            <object_component_ref idref="oc-94"/>
            <object_component_ref idref="oc-b2"/>
            <object_component_ref idref="oc-72"/>
            <object_component_ref idref="oc-95"/>
            <object_component_ref idref="oc-7c"/>
            <object_component_ref idref="oc-2b"/>
            <object_component_ref idref="oc-9b"/>
            <object_component_ref idref="oc-a6"/>
            <object_component_ref idref="oc-b1"/>
            <object_component_ref idref="oc-ae"/>
            <object_component_ref idref="oc-82"/>
            <object_component_ref idref="oc-b7"/>
            <object_component_ref idref="oc-f"/>
            <object_component_ref idref="oc-b0"/>
            <object_component_ref idref="oc-99"/>
            <object_component_ref idref="oc-91"/>
            <object_component_ref idref="oc-98"/>
            <object_component_ref idref="oc-b3"/>
            <object_component_ref idref="oc-96"/>
            <object_component_ref idref="oc-93"/>
            <object_component_ref idref="oc-b5"/>
            <object_component_ref idref="oc-9a"/>
            <object_component_ref idref="oc-88"/>
            <object_component_ref idref="oc-97"/>
            <object_component_ref idref="oc-9f"/>
            <object_component_ref idref="oc-b8"/>
            <object_component_ref idref="oc-af"/>
            <object_component_ref idref="oc-9c"/>
            <object_component_ref idref="oc-e"/>
            <object_component_ref idref="oc-78"/>
            <object_component_ref idref="oc-b6"/>
            <object_component_ref idref="oc-aa"/>
            <object_component_ref idref="oc-a7"/>
            <object_component_ref idref="oc-92"/>
            <object_component_ref idref="oc-b4"/>
            <object_component_ref idref="oc-9d"/>
            <object_component_ref idref="oc-13"/>
            <object_component_ref idref="oc-a4"/>
            <object_component_ref idref="oc-a8"/>
            <object_component_ref idref="oc-a9"/>
            <object_component_ref idref="oc-a5"/>
            <object_component_ref idref="oc-a3"/>
            <object_component_ref idref="oc-a2"/>
            <object_component_ref idref="oc-a1"/>
            <object_component_ref idref="oc-a0"/>
            <object_component_ref idref="oc-9e"/>
            <object_component_ref idref="oc-6b"/>
         </contents>
      </logical_group>
      <logical_group id="lg-5">
         <name>.bss</name>
         <run_address>0x220</run_address>
         <size>0x0</size>
         <contents>
         </contents>
      </logical_group>
      <logical_group id="lg-6">
         <name>.cinit</name>
         <load_address>0x53a0</load_address>
         <run_address>0x53a0</run_address>
         <size>0x41c</size>
         <contents>
            <object_component_ref idref="oc-39"/>
            <object_component_ref idref="oc-6c"/>
            <object_component_ref idref="oc-19"/>
            <object_component_ref idref="oc-6f"/>
            <object_component_ref idref="oc-29"/>
            <object_component_ref idref="oc-83"/>
            <object_component_ref idref="oc-34"/>
            <object_component_ref idref="oc-89"/>
            <object_component_ref idref="oc-23"/>
            <object_component_ref idref="oc-53"/>
         </contents>
      </logical_group>
      <logical_group id="lg-7">
         <name>.stack</name>
         <run_address>0x43a0</run_address>
         <size>0x1000</size>
         <contents>
            <object_component_ref idref="oc-30"/>
            <object_component_ref idref="oc-d0"/>
         </contents>
      </logical_group>
      <logical_group id="lg-8">
         <name>.sysmem</name>
         <run_address>0x0</run_address>
         <size>0x0</size>
         <contents>
         </contents>
      </logical_group>
      <logical_group id="lg-9">
         <name>.const</name>
         <load_address>0x5b24</load_address>
         <run_address>0x5b24</run_address>
         <size>0x98</size>
         <contents>
            <object_component_ref idref="oc-7e"/>
            <object_component_ref idref="oc-ab"/>
            <object_component_ref idref="oc-74"/>
            <object_component_ref idref="oc-ac"/>
         </contents>
      </logical_group>
      <logical_group id="lg-a">
         <name>.switch</name>
         <run_address>0x0</run_address>
         <size>0x0</size>
         <contents>
         </contents>
      </logical_group>
      <logical_group id="lg-b">
         <name>.far</name>
         <run_address>0x57c0</run_address>
         <size>0x362</size>
         <contents>
            <object_component_ref idref="oc-1a"/>
            <object_component_ref idref="oc-24"/>
            <object_component_ref idref="oc-2a"/>
            <object_component_ref idref="oc-35"/>
            <object_component_ref idref="oc-3a"/>
            <object_component_ref idref="oc-54"/>
            <object_component_ref idref="oc-6d"/>
            <object_component_ref idref="oc-70"/>
            <object_component_ref idref="oc-73"/>
            <object_component_ref idref="oc-7d"/>
            <object_component_ref idref="oc-84"/>
            <object_component_ref idref="oc-8a"/>
         </contents>
      </logical_group>
      <logical_group id="lg-c">
         <name>.cio</name>
         <run_address>0x0</run_address>
         <size>0x0</size>
         <contents>
         </contents>
      </logical_group>
      <logical_group id="lg-d">
         <name>.csldata</name>
         <run_address>0x0</run_address>
         <size>0x0</size>
         <contents>
         </contents>
      </logical_group>
      <logical_group id="lg-c5">
         <name>.debug_info</name>
         <load_address>0x0</load_address>
         <run_address>0x0</run_address>
         <size>0xe659</size>
         <contents>
            <object_component_ref idref="oc-10"/>
            <object_component_ref idref="oc-15"/>
            <object_component_ref idref="oc-18"/>
            <object_component_ref idref="oc-1e"/>
            <object_component_ref idref="oc-22"/>
            <object_component_ref idref="oc-28"/>
            <object_component_ref idref="oc-2f"/>
            <object_component_ref idref="oc-33"/>
            <object_component_ref idref="oc-38"/>
            <object_component_ref idref="oc-3d"/>
            <object_component_ref idref="oc-40"/>
            <object_component_ref idref="oc-43"/>
            <object_component_ref idref="oc-46"/>
            <object_component_ref idref="oc-49"/>
            <object_component_ref idref="oc-4c"/>
            <object_component_ref idref="oc-4f"/>
            <object_component_ref idref="oc-52"/>
            <object_component_ref idref="oc-56"/>
            <object_component_ref idref="oc-59"/>
            <object_component_ref idref="oc-5c"/>
            <object_component_ref idref="oc-5f"/>
            <object_component_ref idref="oc-62"/>
            <object_component_ref idref="oc-65"/>
            <object_component_ref idref="oc-68"/>
            <object_component_ref idref="oc-76"/>
            <object_component_ref idref="oc-7a"/>
            <object_component_ref idref="oc-80"/>
            <object_component_ref idref="oc-86"/>
            <object_component_ref idref="oc-8c"/>
            <object_component_ref idref="oc-8e"/>
            <object_component_ref idref="oc-d1"/>
         </contents>
      </logical_group>
      <logical_group id="lg-c7">
         <name>.debug_line</name>
         <load_address>0x0</load_address>
         <run_address>0x0</run_address>
         <size>0xb89</size>
         <contents>
            <object_component_ref idref="oc-11"/>
            <object_component_ref idref="oc-16"/>
            <object_component_ref idref="oc-1c"/>
            <object_component_ref idref="oc-20"/>
            <object_component_ref idref="oc-26"/>
            <object_component_ref idref="oc-2d"/>
            <object_component_ref idref="oc-31"/>
            <object_component_ref idref="oc-36"/>
            <object_component_ref idref="oc-3b"/>
            <object_component_ref idref="oc-3e"/>
            <object_component_ref idref="oc-41"/>
            <object_component_ref idref="oc-44"/>
            <object_component_ref idref="oc-47"/>
            <object_component_ref idref="oc-4a"/>
            <object_component_ref idref="oc-4d"/>
            <object_component_ref idref="oc-50"/>
            <object_component_ref idref="oc-57"/>
            <object_component_ref idref="oc-5a"/>
            <object_component_ref idref="oc-5d"/>
            <object_component_ref idref="oc-60"/>
            <object_component_ref idref="oc-63"/>
            <object_component_ref idref="oc-66"/>
            <object_component_ref idref="oc-69"/>
            <object_component_ref idref="oc-77"/>
            <object_component_ref idref="oc-7b"/>
            <object_component_ref idref="oc-81"/>
            <object_component_ref idref="oc-87"/>
            <object_component_ref idref="oc-8d"/>
            <object_component_ref idref="oc-8f"/>
         </contents>
      </logical_group>
      <logical_group id="lg-c9">
         <name>.debug_abbrev</name>
         <load_address>0x0</load_address>
         <run_address>0x0</run_address>
         <size>0x1968</size>
         <contents>
            <object_component_ref idref="oc-12"/>
            <object_component_ref idref="oc-17"/>
            <object_component_ref idref="oc-1d"/>
            <object_component_ref idref="oc-21"/>
            <object_component_ref idref="oc-27"/>
            <object_component_ref idref="oc-2e"/>
            <object_component_ref idref="oc-32"/>
            <object_component_ref idref="oc-37"/>
            <object_component_ref idref="oc-3c"/>
            <object_component_ref idref="oc-3f"/>
            <object_component_ref idref="oc-42"/>
            <object_component_ref idref="oc-45"/>
            <object_component_ref idref="oc-48"/>
            <object_component_ref idref="oc-4b"/>
            <object_component_ref idref="oc-4e"/>
            <object_component_ref idref="oc-51"/>
            <object_component_ref idref="oc-55"/>
            <object_component_ref idref="oc-58"/>
            <object_component_ref idref="oc-5b"/>
            <object_component_ref idref="oc-5e"/>
            <object_component_ref idref="oc-61"/>
            <object_component_ref idref="oc-64"/>
            <object_component_ref idref="oc-67"/>
            <object_component_ref idref="oc-6a"/>
            <object_component_ref idref="oc-75"/>
            <object_component_ref idref="oc-79"/>
            <object_component_ref idref="oc-7f"/>
            <object_component_ref idref="oc-85"/>
            <object_component_ref idref="oc-8b"/>
            <object_component_ref idref="oc-90"/>
            <object_component_ref idref="oc-d2"/>
         </contents>
      </logical_group>
      <logical_group id="lg-cb">
         <name>.debug_frame</name>
         <load_address>0x0</load_address>
         <run_address>0x0</run_address>
         <size>0xb92</size>
         <contents>
            <object_component_ref idref="oc-1b"/>
            <object_component_ref idref="oc-1f"/>
            <object_component_ref idref="oc-25"/>
            <object_component_ref idref="oc-2c"/>
         </contents>
      </logical_group>
      <logical_group id="lg-cd">
         <name>$BRID</name>
         <load_address>0x0</load_address>
         <run_address>0x0</run_address>
         <size>0xf4</size>
         <contents>
            <object_component_ref idref="oc-6e"/>
            <object_component_ref idref="oc-71"/>
         </contents>
      </logical_group>
   </logical_group_list>
   <placement_map>
      <memory_area>
         <name>IVECS</name>
         <page_id>0x0</page_id>
         <origin>0x0</origin>
         <length>0x220</length>
         <used_space>0x200</used_space>
         <unused_space>0x20</unused_space>
         <attributes>RWIX</attributes>
         <usage_details>
            <allocated_space>
               <start_address>0x0</start_address>
               <size>0x200</size>
               <logical_group_ref idref="lg-3"/>
            </allocated_space>
            <available_space>
               <start_address>0x200</start_address>
               <size>0x20</size>
            </available_space>
         </usage_details>
      </memory_area>
      <memory_area>
         <name>IRAM</name>
         <page_id>0x0</page_id>
         <origin>0x220</origin>
         <length>0x2fde0</length>
         <used_space>0x5996</used_space>
         <unused_space>0x2a44a</unused_space>
         <attributes>RWIX</attributes>
         <usage_details>
            <allocated_space>
               <start_address>0x220</start_address>
               <size>0x0</size>
               <logical_group_ref idref="lg-5"/>
            </allocated_space>
            <allocated_space>
               <start_address>0x220</start_address>
               <size>0x4180</size>
               <logical_group_ref idref="lg-4"/>
            </allocated_space>
            <allocated_space>
               <start_address>0x43a0</start_address>
               <size>0x1000</size>
               <logical_group_ref idref="lg-7"/>
            </allocated_space>
            <allocated_space>
               <start_address>0x53a0</start_address>
               <size>0x41c</size>
               <logical_group_ref idref="lg-6"/>
            </allocated_space>
            <available_space>
               <start_address>0x57bc</start_address>
               <size>0x4</size>
            </available_space>
            <allocated_space>
               <start_address>0x57c0</start_address>
               <size>0x362</size>
               <logical_group_ref idref="lg-b"/>
            </allocated_space>
            <available_space>
               <start_address>0x5b22</start_address>
               <size>0x2</size>
            </available_space>
            <allocated_space>
               <start_address>0x5b24</start_address>
               <size>0x98</size>
               <logical_group_ref idref="lg-9"/>
            </allocated_space>
            <available_space>
               <start_address>0x5bbc</start_address>
               <size>0x2a444</size>
            </available_space>
         </usage_details>
      </memory_area>
      <memory_area>
         <name>SDRAM</name>
         <page_id>0x0</page_id>
         <origin>0x80000000</origin>
         <length>0x1000000</length>
         <used_space>0x0</used_space>
         <unused_space>0x1000000</unused_space>
         <attributes>RWIX</attributes>
         <usage_details>
         </usage_details>
      </memory_area>
      <memory_area>
         <name>FLASH</name>
         <page_id>0x0</page_id>
         <origin>0x90000000</origin>
         <length>0x20000</length>
         <used_space>0x0</used_space>
         <unused_space>0x20000</unused_space>
         <attributes>RWIX</attributes>
         <usage_details>
         </usage_details>
      </memory_area>
   </placement_map>
   <symbol_table>
      <symbol id="sm-0">
         <name>cinit</name>
         <value>0x53a0</value>
      </symbol>
      <symbol id="sm-1">
         <name>___cinit__</name>
         <value>0x53a0</value>
      </symbol>
      <symbol id="sm-2">
         <name>pinit</name>
         <value>0xffffffff</value>
      </symbol>
      <symbol id="sm-3">
         <name>___pinit__</name>
         <value>0xffffffff</value>
      </symbol>
      <symbol id="sm-4">
         <name>binit</name>
         <value>0xffffffff</value>
      </symbol>
      <symbol id="sm-5">
         <name>___binit__</name>
         <value>0xffffffff</value>
      </symbol>
      <symbol id="sm-6">
         <name>__STACK_SIZE</name>
         <value>0x1000</value>
      </symbol>
      <symbol id="sm-7">
         <name>__STACK_END</name>
         <value>0x53a0</value>
      </symbol>
      <symbol id="sm-8">
         <name>___c_args__</name>
         <value>0xffffffff</value>
      </symbol>
      <symbol id="sm-9">
         <name>.text</name>
         <value>0x220</value>
      </symbol>
      <symbol id="sm-a">
         <name>___text__</name>
         <value>0x220</value>
      </symbol>
      <symbol id="sm-b">
         <name>etext</name>
         <value>0x43a0</value>
      </symbol>
      <symbol id="sm-c">
         <name>___etext__</name>
         <value>0x43a0</value>
      </symbol>
      <symbol id="sm-d">
         <name>.bss</name>
         <value>0x220</value>
      </symbol>
      <symbol id="sm-e">
         <name>___bss__</name>
         <value>0x220</value>
      </symbol>
      <symbol id="sm-f">
         <name>end</name>
         <value>0x220</value>
      </symbol>
      <symbol id="sm-10">
         <name>___end__</name>
         <value>0x220</value>
      </symbol>
      <symbol id="sm-11">
         <name>___TI_pprof_out_hndl</name>
         <value>0xffffffff</value>
      </symbol>
      <symbol id="sm-12">
         <name>___TI_prof_data_start</name>
         <value>0xffffffff</value>
      </symbol>
      <symbol id="sm-13">
         <name>___TI_prof_data_size</name>
         <value>0xffffffff</value>
      </symbol>
      <symbol id="sm-14">
         <name>$bss</name>
         <value>0x220</value>
      </symbol>
      <symbol id="sm-3e">
         <name>_IIR_2ndOrder_directII_ASM</name>
         <value>0x3280</value>
         <object_component_ref idref="oc-f"/>
      </symbol>
      <symbol id="sm-4a">
         <name>_vector10</name>
         <value>0x140</value>
         <object_component_ref idref="oc-14"/>
      </symbol>
      <symbol id="sm-4b">
         <name>_vector12</name>
         <value>0x180</value>
         <object_component_ref idref="oc-14"/>
      </symbol>
      <symbol id="sm-4c">
         <name>_vector13</name>
         <value>0x1a0</value>
         <object_component_ref idref="oc-14"/>
      </symbol>
      <symbol id="sm-4d">
         <name>_vector14</name>
         <value>0x1c0</value>
         <object_component_ref idref="oc-14"/>
      </symbol>
      <symbol id="sm-4e">
         <name>_vector15</name>
         <value>0x1e0</value>
         <object_component_ref idref="oc-14"/>
      </symbol>
      <symbol id="sm-4f">
         <name>_vectors</name>
         <value>0x0</value>
         <object_component_ref idref="oc-14"/>
      </symbol>
      <symbol id="sm-50">
         <name>_vector1</name>
         <value>0x20</value>
         <object_component_ref idref="oc-14"/>
      </symbol>
      <symbol id="sm-51">
         <name>_vector0</name>
         <value>0x0</value>
         <object_component_ref idref="oc-14"/>
      </symbol>
      <symbol id="sm-52">
         <name>_vector3</name>
         <value>0x60</value>
         <object_component_ref idref="oc-14"/>
      </symbol>
      <symbol id="sm-53">
         <name>_vector2</name>
         <value>0x40</value>
         <object_component_ref idref="oc-14"/>
      </symbol>
      <symbol id="sm-54">
         <name>_vector5</name>
         <value>0xa0</value>
         <object_component_ref idref="oc-14"/>
      </symbol>
      <symbol id="sm-55">
         <name>_vector4</name>
         <value>0x80</value>
         <object_component_ref idref="oc-14"/>
      </symbol>
      <symbol id="sm-56">
         <name>_vector7</name>
         <value>0xe0</value>
         <object_component_ref idref="oc-14"/>
      </symbol>
      <symbol id="sm-57">
         <name>_vector6</name>
         <value>0xc0</value>
         <object_component_ref idref="oc-14"/>
      </symbol>
      <symbol id="sm-58">
         <name>_vector9</name>
         <value>0x120</value>
         <object_component_ref idref="oc-14"/>
      </symbol>
      <symbol id="sm-59">
         <name>_vector8</name>
         <value>0x100</value>
         <object_component_ref idref="oc-14"/>
      </symbol>
      <symbol id="sm-a3">
         <name>_comm_poll</name>
         <value>0xb20</value>
         <object_component_ref idref="oc-94"/>
      </symbol>
      <symbol id="sm-a4">
         <name>_output_left_sample</name>
         <value>0xd7c</value>
         <object_component_ref idref="oc-94"/>
      </symbol>
      <symbol id="sm-a5">
         <name>_comm_intr</name>
         <value>0x11d0</value>
         <object_component_ref idref="oc-94"/>
      </symbol>
      <symbol id="sm-a6">
         <name>_input_left_sample</name>
         <value>0x1040</value>
         <object_component_ref idref="oc-94"/>
      </symbol>
      <symbol id="sm-a7">
         <name>_output_sample</name>
         <value>0xc68</value>
         <object_component_ref idref="oc-94"/>
      </symbol>
      <symbol id="sm-a8">
         <name>_CODEC_stop</name>
         <value>0xc38</value>
         <object_component_ref idref="oc-94"/>
      </symbol>
      <symbol id="sm-a9">
         <name>_CODEC_start</name>
         <value>0xb54</value>
         <object_component_ref idref="oc-94"/>
      </symbol>
      <symbol id="sm-aa">
         <name>_config</name>
         <value>0x59e0</value>
         <object_component_ref idref="oc-1a"/>
      </symbol>
      <symbol id="sm-ab">
         <name>_input_right_sample</name>
         <value>0x1108</value>
         <object_component_ref idref="oc-94"/>
      </symbol>
      <symbol id="sm-ac">
         <name>_AIC_data</name>
         <value>0x59dc</value>
         <object_component_ref idref="oc-1a"/>
      </symbol>
      <symbol id="sm-ad">
         <name>_hAIC23_handle</name>
         <value>0x5a28</value>
         <object_component_ref idref="oc-1a"/>
      </symbol>
      <symbol id="sm-ae">
         <name>_AIC23CfgData</name>
         <value>0x5a08</value>
         <object_component_ref idref="oc-1a"/>
      </symbol>
      <symbol id="sm-af">
         <name>_input_sample</name>
         <value>0xf3c</value>
         <object_component_ref idref="oc-94"/>
      </symbol>
      <symbol id="sm-b0">
         <name>_output_right_sample</name>
         <value>0xe5c</value>
         <object_component_ref idref="oc-94"/>
      </symbol>
      <symbol id="sm-e2">
         <name>_init_w</name>
         <value>0x20e8</value>
         <object_component_ref idref="oc-95"/>
      </symbol>
      <symbol id="sm-e3">
         <name>_FPH_7000</name>
         <value>0x1fa0</value>
         <object_component_ref idref="oc-95"/>
      </symbol>
      <symbol id="sm-e4">
         <name>_IIR_W</name>
         <value>0x5a64</value>
         <object_component_ref idref="oc-24"/>
      </symbol>
      <symbol id="sm-e5">
         <name>_FPB_5000</name>
         <value>0x1f24</value>
         <object_component_ref idref="oc-95"/>
      </symbol>
      <symbol id="sm-e6">
         <name>_FPB_700</name>
         <value>0x1ea0</value>
         <object_component_ref idref="oc-95"/>
      </symbol>
      <symbol id="sm-e7">
         <name>_IIR_GAINS</name>
         <value>0x5bb4</value>
         <object_component_ref idref="oc-ac"/>
      </symbol>
      <symbol id="sm-e8">
         <name>_FPH_1000</name>
         <value>0x2024</value>
         <object_component_ref idref="oc-95"/>
      </symbol>
      <symbol id="sm-e9">
         <name>_IIR_COEFFS</name>
         <value>0x5b64</value>
         <object_component_ref idref="oc-ab"/>
      </symbol>
      <symbol id="sm-ea">
         <name>_FPB_1000_5000</name>
         <value>0x20a0</value>
         <object_component_ref idref="oc-95"/>
      </symbol>
      <symbol id="sm-eb">
         <name>_sat_16bits</name>
         <value>0x217c</value>
         <object_component_ref idref="oc-95"/>
      </symbol>
      <symbol id="sm-107">
         <name>_main</name>
         <value>0x4200</value>
         <object_component_ref idref="oc-9d"/>
      </symbol>
      <symbol id="sm-108">
         <name>_echFiltrer700</name>
         <value>0x5a94</value>
         <object_component_ref idref="oc-2a"/>
      </symbol>
      <symbol id="sm-109">
         <name>_gainPbas</name>
         <value>0x5aac</value>
         <object_component_ref idref="oc-2a"/>
      </symbol>
      <symbol id="sm-10a">
         <name>_echFiltrer5000</name>
         <value>0x5a9c</value>
         <object_component_ref idref="oc-2a"/>
      </symbol>
      <symbol id="sm-10b">
         <name>_AIC23_data</name>
         <value>0x5abc</value>
         <object_component_ref idref="oc-2a"/>
      </symbol>
      <symbol id="sm-10c">
         <name>_inputsource</name>
         <value>0x5ab8</value>
         <object_component_ref idref="oc-2a"/>
      </symbol>
      <symbol id="sm-10d">
         <name>_c_int11</name>
         <value>0x2620</value>
         <object_component_ref idref="oc-2b"/>
      </symbol>
      <symbol id="sm-10e">
         <name>_gainPbande</name>
         <value>0x5ab0</value>
         <object_component_ref idref="oc-2a"/>
      </symbol>
      <symbol id="sm-10f">
         <name>_gainPhaut</name>
         <value>0x5aae</value>
         <object_component_ref idref="oc-2a"/>
      </symbol>
      <symbol id="sm-110">
         <name>_echFiltrer1000_5000</name>
         <value>0x5aa4</value>
         <object_component_ref idref="oc-2a"/>
      </symbol>
      <symbol id="sm-111">
         <name>_echFiltrer1000</name>
         <value>0x5a98</value>
         <object_component_ref idref="oc-2a"/>
      </symbol>
      <symbol id="sm-112">
         <name>_echFiltrer7000</name>
         <value>0x5aa0</value>
         <object_component_ref idref="oc-2a"/>
      </symbol>
      <symbol id="sm-113">
         <name>_fs</name>
         <value>0x5ab4</value>
         <object_component_ref idref="oc-2a"/>
      </symbol>
      <symbol id="sm-114">
         <name>_output</name>
         <value>0x5aa8</value>
         <object_component_ref idref="oc-2a"/>
      </symbol>
      <symbol id="sm-120">
         <name>_c_int00</name>
         <value>0x3fa0</value>
         <object_component_ref idref="oc-e"/>
      </symbol>
      <symbol id="sm-121">
         <name>__stack</name>
         <value>0x43a0</value>
         <object_component_ref idref="oc-30"/>
      </symbol>
      <symbol id="sm-131">
         <name>C$$EXIT</name>
         <value>0x4360</value>
         <object_component_ref idref="oc-9e"/>
      </symbol>
      <symbol id="sm-132">
         <name>_exit</name>
         <value>0x3960</value>
         <object_component_ref idref="oc-93"/>
      </symbol>
      <symbol id="sm-133">
         <name>___TI_enable_exit_profile_output</name>
         <value>0x5b10</value>
         <object_component_ref idref="oc-35"/>
      </symbol>
      <symbol id="sm-134">
         <name>_abort</name>
         <value>0x4360</value>
         <object_component_ref idref="oc-9e"/>
      </symbol>
      <symbol id="sm-135">
         <name>__cleanup_ptr</name>
         <value>0x5b08</value>
         <object_component_ref idref="oc-35"/>
      </symbol>
      <symbol id="sm-136">
         <name>__dtors_ptr</name>
         <value>0x5b0c</value>
         <object_component_ref idref="oc-35"/>
      </symbol>
      <symbol id="sm-144">
         <name>_pow</name>
         <value>0x220</value>
         <object_component_ref idref="oc-ad"/>
      </symbol>
      <symbol id="sm-14e">
         <name>__nround</name>
         <value>0x37a0</value>
         <object_component_ref idref="oc-b3"/>
      </symbol>
      <symbol id="sm-158">
         <name>__trunc</name>
         <value>0x41c0</value>
         <object_component_ref idref="oc-b4"/>
      </symbol>
      <symbol id="sm-162">
         <name>__args_main</name>
         <value>0x4180</value>
         <object_component_ref idref="oc-92"/>
      </symbol>
      <symbol id="sm-163">
         <name>__TI_args_main</name>
         <value>0x1</value>
      </symbol>
      <symbol id="sm-16d">
         <name>__auto_init</name>
         <value>0x35c0</value>
         <object_component_ref idref="oc-91"/>
      </symbol>
      <symbol id="sm-177">
         <name>___TI_cpp_init</name>
         <value>0x3f20</value>
         <object_component_ref idref="oc-9c"/>
      </symbol>
      <symbol id="sm-181">
         <name>_copy_in</name>
         <value>0x3b20</value>
         <object_component_ref idref="oc-9a"/>
      </symbol>
      <symbol id="sm-18b">
         <name>__divd</name>
         <value>0x1300</value>
         <object_component_ref idref="oc-b2"/>
      </symbol>
      <symbol id="sm-195">
         <name>_errno</name>
         <value>0x5b1c</value>
         <object_component_ref idref="oc-54"/>
      </symbol>
      <symbol id="sm-19f">
         <name>__frcmpyd_div</name>
         <value>0x3140</value>
         <object_component_ref idref="oc-b7"/>
      </symbol>
      <symbol id="sm-1a9">
         <name>_frexp</name>
         <value>0x33a0</value>
         <object_component_ref idref="oc-b0"/>
      </symbol>
      <symbol id="sm-1b3">
         <name>_ldexp</name>
         <value>0x2cc0</value>
         <object_component_ref idref="oc-b1"/>
      </symbol>
      <symbol id="sm-1bd">
         <name>__llshru</name>
         <value>0x40a0</value>
         <object_component_ref idref="oc-b6"/>
      </symbol>
      <symbol id="sm-1c7">
         <name>_memcpy</name>
         <value>0x28e0</value>
         <object_component_ref idref="oc-9b"/>
      </symbol>
      <symbol id="sm-1d1">
         <name>_modf</name>
         <value>0x3a40</value>
         <object_component_ref idref="oc-b5"/>
      </symbol>
      <symbol id="sm-1db">
         <name>__mpyll</name>
         <value>0x3de0</value>
         <object_component_ref idref="oc-b8"/>
      </symbol>
      <symbol id="sm-1f3">
         <name>__IRQ_eventTable</name>
         <value>0x5908</value>
         <object_component_ref idref="oc-6d"/>
      </symbol>
      <symbol id="sm-1f4">
         <name>_IRQ_nmiEnable</name>
         <value>0x42a0</value>
         <object_component_ref idref="oc-a9"/>
      </symbol>
      <symbol id="sm-1f5">
         <name>_IRQ_reset</name>
         <value>0x4140</value>
         <object_component_ref idref="oc-a7"/>
      </symbol>
      <symbol id="sm-1f6">
         <name>__IRQ_intTable</name>
         <value>0x598c</value>
         <object_component_ref idref="oc-6d"/>
      </symbol>
      <symbol id="sm-1f7">
         <name>_IRQ_globalEnable</name>
         <value>0x4280</value>
         <object_component_ref idref="oc-a8"/>
      </symbol>
      <symbol id="sm-1f8">
         <name>_IRQ_globalDisable</name>
         <value>0x4260</value>
         <object_component_ref idref="oc-a4"/>
      </symbol>
      <symbol id="sm-1f9">
         <name>_IRQ_map</name>
         <value>0x2b20</value>
         <object_component_ref idref="oc-a6"/>
      </symbol>
      <symbol id="sm-1fa">
         <name>_IRQ_enable</name>
         <value>0x4100</value>
         <object_component_ref idref="oc-aa"/>
      </symbol>
      <symbol id="sm-1fb">
         <name>__IRQ_dispatchTable</name>
         <value>0x59cc</value>
         <object_component_ref idref="oc-6d"/>
      </symbol>
      <symbol id="sm-1fc">
         <name>__IRQ_hookFetchPacket</name>
         <value>0x4380</value>
         <object_component_ref idref="oc-6b"/>
      </symbol>
      <symbol id="sm-218">
         <name>_MCBSP_reset</name>
         <value>0x2e60</value>
         <object_component_ref idref="oc-ae"/>
      </symbol>
      <symbol id="sm-219">
         <name>_MCBSP_read</name>
         <value>0x42e0</value>
         <object_component_ref idref="oc-a3"/>
      </symbol>
      <symbol id="sm-21a">
         <name>_MCBSP_close</name>
         <value>0x3ca0</value>
         <object_component_ref idref="oc-97"/>
      </symbol>
      <symbol id="sm-21b">
         <name>_MCBSP_getXmtEventId</name>
         <value>0x42c0</value>
         <object_component_ref idref="oc-a5"/>
      </symbol>
      <symbol id="sm-21c">
         <name>_MCBSP_open</name>
         <value>0x36c0</value>
         <object_component_ref idref="oc-98"/>
      </symbol>
      <symbol id="sm-21d">
         <name>__MCBSP_hDev0</name>
         <value>0x5a5c</value>
         <object_component_ref idref="oc-70"/>
      </symbol>
      <symbol id="sm-21e">
         <name>__MCBSP_hDev1</name>
         <value>0x5a60</value>
         <object_component_ref idref="oc-70"/>
      </symbol>
      <symbol id="sm-21f">
         <name>_MCBSP_start</name>
         <value>0x34c0</value>
         <object_component_ref idref="oc-99"/>
      </symbol>
      <symbol id="sm-220">
         <name>_MCBSP_rrdy</name>
         <value>0x4300</value>
         <object_component_ref idref="oc-a2"/>
      </symbol>
      <symbol id="sm-221">
         <name>_MCBSP_config</name>
         <value>0x3d40</value>
         <object_component_ref idref="oc-9f"/>
      </symbol>
      <symbol id="sm-222">
         <name>_MCBSP_xrdy</name>
         <value>0x4340</value>
         <object_component_ref idref="oc-a0"/>
      </symbol>
      <symbol id="sm-223">
         <name>_MCBSP_write</name>
         <value>0x4320</value>
         <object_component_ref idref="oc-a1"/>
      </symbol>
      <symbol id="sm-231">
         <name>_DSK6713_init</name>
         <value>0x1a6c</value>
         <object_component_ref idref="oc-72"/>
      </symbol>
      <symbol id="sm-232">
         <name>_DSK6713_version</name>
         <value>0x5b20</value>
         <object_component_ref idref="oc-73"/>
      </symbol>
      <symbol id="sm-233">
         <name>_DSK6713_rget</name>
         <value>0x1d88</value>
         <object_component_ref idref="oc-72"/>
      </symbol>
      <symbol id="sm-234">
         <name>_DSK6713_wait</name>
         <value>0x1db0</value>
         <object_component_ref idref="oc-72"/>
      </symbol>
      <symbol id="sm-235">
         <name>_DSK6713_rset</name>
         <value>0x1d9c</value>
         <object_component_ref idref="oc-72"/>
      </symbol>
      <symbol id="sm-236">
         <name>_DSK6713_waitusec</name>
         <value>0x1e08</value>
         <object_component_ref idref="oc-72"/>
      </symbol>
      <symbol id="sm-237">
         <name>_DSK6713_getVersion</name>
         <value>0x1e34</value>
         <object_component_ref idref="oc-72"/>
      </symbol>
      <symbol id="sm-241">
         <name>_DSK6713_AIC23_closeCodec</name>
         <value>0x4020</value>
         <object_component_ref idref="oc-78"/>
      </symbol>
      <symbol id="sm-24f">
         <name>_DSK6713_AIC23_codeccontrolhandle</name>
         <value>0x5b14</value>
         <object_component_ref idref="oc-7d"/>
      </symbol>
      <symbol id="sm-250">
         <name>_DSK6713_AIC23_codecdatahandle</name>
         <value>0x5b18</value>
         <object_component_ref idref="oc-7d"/>
      </symbol>
      <symbol id="sm-251">
         <name>_DSK6713_AIC23_openCodec</name>
         <value>0x2300</value>
         <object_component_ref idref="oc-7c"/>
      </symbol>
      <symbol id="sm-25f">
         <name>_DSK6713_AIC23_config</name>
         <value>0x30a0</value>
         <object_component_ref idref="oc-82"/>
      </symbol>
      <symbol id="sm-260">
         <name>_DSK6713_AIC23_rget</name>
         <value>0x307c</value>
         <object_component_ref idref="oc-82"/>
      </symbol>
      <symbol id="sm-261">
         <name>_DSK6713_AIC23_rset</name>
         <value>0x2fe0</value>
         <object_component_ref idref="oc-82"/>
      </symbol>
      <symbol id="sm-26f">
         <name>_DSK6713_AIC23_setFreq</name>
         <value>0x3be0</value>
         <object_component_ref idref="oc-88"/>
      </symbol>
      <symbol id="sm-277">
         <name>__strasg</name>
         <value>0x3880</value>
         <object_component_ref idref="oc-96"/>
      </symbol>
   </symbol_table>
</link_info>
