<?xml version="1.0"?>
<link_info>
   <banner>TMS320C6x Linker PC v7.4.20</banner>
   <copyright>Copyright (c) 1996-2015 Texas Instruments Incorporated</copyright>
   <link_time>0x5ac423d8</link_time>
   <output_file>Projet_APP.out</output_file>
   <entry_point>
      <name>_c_int00</name>
      <address>0x3000</address>
   </entry_point>
   <input_file_list>
      <input_file id="fl-2">
         <path>.\Source\C\</path>
         <kind>object</kind>
         <file>IIR_2ndOrder_directII.obj</file>
         <name>IIR_2ndOrder_directII.obj</name>
      </input_file>
      <input_file id="fl-3">
         <path>.\Source\C\</path>
         <kind>object</kind>
         <file>IIR_2ndOrder_directII_ASM.obj</file>
         <name>IIR_2ndOrder_directII_ASM.obj</name>
      </input_file>
      <input_file id="fl-4">
         <path>.\Source\C\</path>
         <kind>object</kind>
         <file>filter.obj</file>
         <name>filter.obj</name>
      </input_file>
      <input_file id="fl-5">
         <path>.\Source\C\</path>
         <kind>object</kind>
         <file>main_accordeur.obj</file>
         <name>main_accordeur.obj</name>
      </input_file>
      <input_file id="fl-82">
         <path>C:\ti\ccsv7\tools\compiler\c6000_7.4.20\lib\</path>
         <kind>archive</kind>
         <file>rts6700.lib</file>
         <name>boot.obj</name>
      </input_file>
      <input_file id="fl-83">
         <path>C:\ti\ccsv7\tools\compiler\c6000_7.4.20\lib\</path>
         <kind>archive</kind>
         <file>rts6700.lib</file>
         <name>cos.obj</name>
      </input_file>
      <input_file id="fl-84">
         <path>C:\ti\ccsv7\tools\compiler\c6000_7.4.20\lib\</path>
         <kind>archive</kind>
         <file>rts6700.lib</file>
         <name>divf.obj</name>
      </input_file>
      <input_file id="fl-85">
         <path>C:\ti\ccsv7\tools\compiler\c6000_7.4.20\lib\</path>
         <kind>archive</kind>
         <file>rts6700.lib</file>
         <name>divi.obj</name>
      </input_file>
      <input_file id="fl-86">
         <path>C:\ti\ccsv7\tools\compiler\c6000_7.4.20\lib\</path>
         <kind>archive</kind>
         <file>rts6700.lib</file>
         <name>exit.obj</name>
      </input_file>
      <input_file id="fl-87">
         <path>C:\ti\ccsv7\tools\compiler\c6000_7.4.20\lib\</path>
         <kind>archive</kind>
         <file>rts6700.lib</file>
         <name>modf.obj</name>
      </input_file>
      <input_file id="fl-88">
         <path>C:\ti\ccsv7\tools\compiler\c6000_7.4.20\lib\</path>
         <kind>archive</kind>
         <file>rts6700.lib</file>
         <name>pow.obj</name>
      </input_file>
      <input_file id="fl-89">
         <path>C:\ti\ccsv7\tools\compiler\c6000_7.4.20\lib\</path>
         <kind>archive</kind>
         <file>rts6700.lib</file>
         <name>round.obj</name>
      </input_file>
      <input_file id="fl-8a">
         <path>C:\ti\ccsv7\tools\compiler\c6000_7.4.20\lib\</path>
         <kind>archive</kind>
         <file>rts6700.lib</file>
         <name>trunc.obj</name>
      </input_file>
      <input_file id="fl-8b">
         <path>C:\ti\ccsv7\tools\compiler\c6000_7.4.20\lib\</path>
         <kind>archive</kind>
         <file>rts6700.lib</file>
         <name>args_main.obj</name>
      </input_file>
      <input_file id="fl-8c">
         <path>C:\ti\ccsv7\tools\compiler\c6000_7.4.20\lib\</path>
         <kind>archive</kind>
         <file>rts6700.lib</file>
         <name>autoinit.obj</name>
      </input_file>
      <input_file id="fl-8d">
         <path>C:\ti\ccsv7\tools\compiler\c6000_7.4.20\lib\</path>
         <kind>archive</kind>
         <file>rts6700.lib</file>
         <name>cpp_init.obj</name>
      </input_file>
      <input_file id="fl-8e">
         <path>C:\ti\ccsv7\tools\compiler\c6000_7.4.20\lib\</path>
         <kind>archive</kind>
         <file>rts6700.lib</file>
         <name>cpy_tbl.obj</name>
      </input_file>
      <input_file id="fl-8f">
         <path>C:\ti\ccsv7\tools\compiler\c6000_7.4.20\lib\</path>
         <kind>archive</kind>
         <file>rts6700.lib</file>
         <name>divd.obj</name>
      </input_file>
      <input_file id="fl-90">
         <path>C:\ti\ccsv7\tools\compiler\c6000_7.4.20\lib\</path>
         <kind>archive</kind>
         <file>rts6700.lib</file>
         <name>errno.obj</name>
      </input_file>
      <input_file id="fl-91">
         <path>C:\ti\ccsv7\tools\compiler\c6000_7.4.20\lib\</path>
         <kind>archive</kind>
         <file>rts6700.lib</file>
         <name>frcmpyd_div.obj</name>
      </input_file>
      <input_file id="fl-92">
         <path>C:\ti\ccsv7\tools\compiler\c6000_7.4.20\lib\</path>
         <kind>archive</kind>
         <file>rts6700.lib</file>
         <name>frexp.obj</name>
      </input_file>
      <input_file id="fl-93">
         <path>C:\ti\ccsv7\tools\compiler\c6000_7.4.20\lib\</path>
         <kind>archive</kind>
         <file>rts6700.lib</file>
         <name>ldexp.obj</name>
      </input_file>
      <input_file id="fl-94">
         <path>C:\ti\ccsv7\tools\compiler\c6000_7.4.20\lib\</path>
         <kind>archive</kind>
         <file>rts6700.lib</file>
         <name>llshift.obj</name>
      </input_file>
      <input_file id="fl-95">
         <path>C:\ti\ccsv7\tools\compiler\c6000_7.4.20\lib\</path>
         <kind>archive</kind>
         <file>rts6700.lib</file>
         <name>memcpy62.obj</name>
      </input_file>
      <input_file id="fl-96">
         <path>C:\ti\ccsv7\tools\compiler\c6000_7.4.20\lib\</path>
         <kind>archive</kind>
         <file>rts6700.lib</file>
         <name>mpyll.obj</name>
      </input_file>
   </input_file_list>
   <object_component_list>
      <object_component id="oc-6e">
         <name>.text:_pow</name>
         <load_address>0x20</load_address>
         <run_address>0x20</run_address>
         <size>0x900</size>
         <input_file_ref idref="fl-88"/>
      </object_component>
      <object_component id="oc-74">
         <name>.text:__divd</name>
         <load_address>0x920</load_address>
         <run_address>0x920</run_address>
         <size>0x720</size>
         <input_file_ref idref="fl-8f"/>
      </object_component>
      <object_component id="oc-6d">
         <name>.text</name>
         <load_address>0x1040</load_address>
         <run_address>0x1040</run_address>
         <size>0x440</size>
         <input_file_ref idref="fl-2"/>
      </object_component>
      <object_component id="oc-67">
         <name>.text</name>
         <load_address>0x1480</load_address>
         <run_address>0x1480</run_address>
         <size>0x400</size>
         <input_file_ref idref="fl-4"/>
      </object_component>
      <object_component id="oc-69">
         <name>.text:_cos</name>
         <load_address>0x1880</load_address>
         <run_address>0x1880</run_address>
         <size>0x340</size>
         <input_file_ref idref="fl-83"/>
      </object_component>
      <object_component id="oc-65">
         <name>.text</name>
         <load_address>0x1bc0</load_address>
         <run_address>0x1bc0</run_address>
         <size>0x340</size>
         <input_file_ref idref="fl-5"/>
      </object_component>
      <object_component id="oc-68">
         <name>.text:__divf</name>
         <load_address>0x1f00</load_address>
         <run_address>0x1f00</run_address>
         <size>0x300</size>
         <input_file_ref idref="fl-84"/>
      </object_component>
      <object_component id="oc-63">
         <name>.text:_memcpy</name>
         <load_address>0x2200</load_address>
         <run_address>0x2200</run_address>
         <size>0x240</size>
         <input_file_ref idref="fl-95"/>
      </object_component>
      <object_component id="oc-73">
         <name>.text:_ldexp</name>
         <load_address>0x2440</load_address>
         <run_address>0x2440</run_address>
         <size>0x1a0</size>
         <input_file_ref idref="fl-93"/>
      </object_component>
      <object_component id="oc-76">
         <name>.text:__frcmpyd_div</name>
         <load_address>0x25e0</load_address>
         <run_address>0x25e0</run_address>
         <size>0x140</size>
         <input_file_ref idref="fl-91"/>
      </object_component>
      <object_component id="oc-7">
         <name>.text</name>
         <load_address>0x2720</load_address>
         <run_address>0x2720</run_address>
         <size>0x120</size>
         <input_file_ref idref="fl-3"/>
      </object_component>
      <object_component id="oc-6a">
         <name>.text:__divi</name>
         <load_address>0x2840</load_address>
         <run_address>0x2840</run_address>
         <size>0x120</size>
         <input_file_ref idref="fl-85"/>
      </object_component>
      <object_component id="oc-72">
         <name>.text:_frexp</name>
         <load_address>0x2960</load_address>
         <run_address>0x2960</run_address>
         <size>0x120</size>
         <input_file_ref idref="fl-92"/>
      </object_component>
      <object_component id="oc-5f">
         <name>.text:__auto_init</name>
         <load_address>0x2a80</load_address>
         <run_address>0x2a80</run_address>
         <size>0x100</size>
         <input_file_ref idref="fl-8c"/>
      </object_component>
      <object_component id="oc-70">
         <name>.text:__nround</name>
         <load_address>0x2b80</load_address>
         <run_address>0x2b80</run_address>
         <size>0xe0</size>
         <input_file_ref idref="fl-89"/>
      </object_component>
      <object_component id="oc-61">
         <name>.text:_exit</name>
         <load_address>0x2c60</load_address>
         <run_address>0x2c60</run_address>
         <size>0xe0</size>
         <input_file_ref idref="fl-86"/>
      </object_component>
      <object_component id="oc-71">
         <name>.text:_modf</name>
         <load_address>0x2d40</load_address>
         <run_address>0x2d40</run_address>
         <size>0xe0</size>
         <input_file_ref idref="fl-87"/>
      </object_component>
      <object_component id="oc-62">
         <name>.text:_copy_in</name>
         <load_address>0x2e20</load_address>
         <run_address>0x2e20</run_address>
         <size>0xc0</size>
         <input_file_ref idref="fl-8e"/>
      </object_component>
      <object_component id="oc-77">
         <name>.text:__mpyll</name>
         <load_address>0x2ee0</load_address>
         <run_address>0x2ee0</run_address>
         <size>0xa0</size>
         <input_file_ref idref="fl-96"/>
      </object_component>
      <object_component id="oc-64">
         <name>.text:___TI_cpp_init</name>
         <load_address>0x2f80</load_address>
         <run_address>0x2f80</run_address>
         <size>0x80</size>
         <input_file_ref idref="fl-8d"/>
      </object_component>
      <object_component id="oc-2">
         <name>.text:_c_int00</name>
         <load_address>0x3000</load_address>
         <run_address>0x3000</run_address>
         <size>0x80</size>
         <input_file_ref idref="fl-82"/>
      </object_component>
      <object_component id="oc-75">
         <name>.text:__llshru</name>
         <load_address>0x3080</load_address>
         <run_address>0x3080</run_address>
         <size>0x60</size>
         <input_file_ref idref="fl-94"/>
      </object_component>
      <object_component id="oc-60">
         <name>.text:__args_main</name>
         <load_address>0x30e0</load_address>
         <run_address>0x30e0</run_address>
         <size>0x40</size>
         <input_file_ref idref="fl-8b"/>
      </object_component>
      <object_component id="oc-6f">
         <name>.text:__trunc</name>
         <load_address>0x3120</load_address>
         <run_address>0x3120</run_address>
         <size>0x40</size>
         <input_file_ref idref="fl-8a"/>
      </object_component>
      <object_component id="oc-66">
         <name>.text:_abort</name>
         <load_address>0x3160</load_address>
         <run_address>0x3160</run_address>
         <size>0x20</size>
         <input_file_ref idref="fl-86"/>
      </object_component>
      <object_component id="oc-6b">
         <name>.const:_IIR_COEFFS</name>
         <load_address>0x6ba8</load_address>
         <run_address>0x6ba8</run_address>
         <size>0x30</size>
         <input_file_ref idref="fl-4"/>
      </object_component>
      <object_component id="oc-14">
         <name>.const</name>
         <load_address>0x6bd8</load_address>
         <run_address>0x6bd8</run_address>
         <size>0x10</size>
         <input_file_ref idref="fl-5"/>
      </object_component>
      <object_component id="oc-6c">
         <name>.const:_IIR_GAINS</name>
         <load_address>0x6be8</load_address>
         <run_address>0x6be8</run_address>
         <size>0x8</size>
         <input_file_ref idref="fl-4"/>
      </object_component>
      <object_component id="oc-30">
         <name>.cinit</name>
         <load_address>0x6908</load_address>
         <run_address>0x6908</run_address>
         <size>0x140</size>
         <input_file_ref idref="fl-88"/>
      </object_component>
      <object_component id="oc-12">
         <name>.cinit</name>
         <load_address>0x6a48</load_address>
         <run_address>0x6a48</run_address>
         <size>0xba</size>
         <input_file_ref idref="fl-5"/>
      </object_component>
      <object_component id="oc-1d">
         <name>.cinit</name>
         <load_address>0x6b08</load_address>
         <run_address>0x6b08</run_address>
         <size>0x48</size>
         <input_file_ref idref="fl-83"/>
      </object_component>
      <object_component id="oc-28">
         <name>.cinit</name>
         <load_address>0x6b50</load_address>
         <run_address>0x6b50</run_address>
         <size>0x2c</size>
         <input_file_ref idref="fl-86"/>
      </object_component>
      <object_component id="oc-c">
         <name>.cinit</name>
         <load_address>0x6b80</load_address>
         <run_address>0x6b80</run_address>
         <size>0xc</size>
         <input_file_ref idref="fl-4"/>
      </object_component>
      <object_component id="oc-4a">
         <name>.cinit</name>
         <load_address>0x6b90</load_address>
         <run_address>0x6b90</run_address>
         <size>0xc</size>
         <input_file_ref idref="fl-90"/>
      </object_component>
      <object_component id="oc-19">
         <name>.stack</name>
         <uninitialized>true</uninitialized>
         <run_address>0x5908</run_address>
         <size>0x8</size>
         <input_file_ref idref="fl-82"/>
      </object_component>
      <object_component id="oc-9b">
         <name>.stack</name>
         <uninitialized>true</uninitialized>
         <run_address>0x5908</run_address>
         <size>0x0</size>
      </object_component>
      <object_component id="oc-d">
         <name>.far</name>
         <uninitialized>true</uninitialized>
         <run_address>0x58e8</run_address>
         <size>0xc</size>
         <input_file_ref idref="fl-4"/>
      </object_component>
      <object_component id="oc-13">
         <name>.far</name>
         <uninitialized>true</uninitialized>
         <run_address>0x3180</run_address>
         <size>0x2608</size>
         <input_file_ref idref="fl-5"/>
      </object_component>
      <object_component id="oc-1e">
         <name>.far</name>
         <uninitialized>true</uninitialized>
         <run_address>0x58a8</run_address>
         <size>0x40</size>
         <input_file_ref idref="fl-83"/>
      </object_component>
      <object_component id="oc-29">
         <name>.far</name>
         <uninitialized>true</uninitialized>
         <run_address>0x58f4</run_address>
         <size>0xc</size>
         <input_file_ref idref="fl-86"/>
      </object_component>
      <object_component id="oc-31">
         <name>.far</name>
         <uninitialized>true</uninitialized>
         <run_address>0x5788</run_address>
         <size>0x120</size>
         <input_file_ref idref="fl-88"/>
      </object_component>
      <object_component id="oc-4b">
         <name>.far</name>
         <uninitialized>true</uninitialized>
         <run_address>0x5900</run_address>
         <size>0x4</size>
         <input_file_ref idref="fl-90"/>
      </object_component>
      <object_component id="oc-3">
         <name>.debug_info</name>
         <load_address>0x0</load_address>
         <run_address>0x0</run_address>
         <size>0x831</size>
         <input_file_ref idref="fl-2"/>
      </object_component>
      <object_component id="oc-8">
         <name>.debug_info</name>
         <load_address>0x831</load_address>
         <run_address>0x831</run_address>
         <size>0xf7</size>
         <input_file_ref idref="fl-3"/>
      </object_component>
      <object_component id="oc-b">
         <name>.debug_info</name>
         <load_address>0x928</load_address>
         <run_address>0x928</run_address>
         <size>0xcd4</size>
         <input_file_ref idref="fl-4"/>
      </object_component>
      <object_component id="oc-11">
         <name>.debug_info</name>
         <load_address>0x15fc</load_address>
         <run_address>0x15fc</run_address>
         <size>0xadf</size>
         <input_file_ref idref="fl-5"/>
      </object_component>
      <object_component id="oc-18">
         <name>.debug_info</name>
         <load_address>0x20db</load_address>
         <run_address>0x20db</run_address>
         <size>0x70b</size>
         <input_file_ref idref="fl-82"/>
      </object_component>
      <object_component id="oc-1c">
         <name>.debug_info</name>
         <load_address>0x27e6</load_address>
         <run_address>0x27e6</run_address>
         <size>0x717</size>
         <input_file_ref idref="fl-83"/>
      </object_component>
      <object_component id="oc-21">
         <name>.debug_info</name>
         <load_address>0x2efd</load_address>
         <run_address>0x2efd</run_address>
         <size>0x8ce</size>
         <input_file_ref idref="fl-84"/>
      </object_component>
      <object_component id="oc-24">
         <name>.debug_info</name>
         <load_address>0x37cb</load_address>
         <run_address>0x37cb</run_address>
         <size>0xd0</size>
         <input_file_ref idref="fl-85"/>
      </object_component>
      <object_component id="oc-27">
         <name>.debug_info</name>
         <load_address>0x389b</load_address>
         <run_address>0x389b</run_address>
         <size>0x7ff</size>
         <input_file_ref idref="fl-86"/>
      </object_component>
      <object_component id="oc-2c">
         <name>.debug_info</name>
         <load_address>0x409a</load_address>
         <run_address>0x409a</run_address>
         <size>0x680</size>
         <input_file_ref idref="fl-87"/>
      </object_component>
      <object_component id="oc-2f">
         <name>.debug_info</name>
         <load_address>0x471a</load_address>
         <run_address>0x471a</run_address>
         <size>0x8b9</size>
         <input_file_ref idref="fl-88"/>
      </object_component>
      <object_component id="oc-34">
         <name>.debug_info</name>
         <load_address>0x4fd3</load_address>
         <run_address>0x4fd3</run_address>
         <size>0x659</size>
         <input_file_ref idref="fl-89"/>
      </object_component>
      <object_component id="oc-37">
         <name>.debug_info</name>
         <load_address>0x562c</load_address>
         <run_address>0x562c</run_address>
         <size>0x651</size>
         <input_file_ref idref="fl-8a"/>
      </object_component>
      <object_component id="oc-3a">
         <name>.debug_info</name>
         <load_address>0x5c7d</load_address>
         <run_address>0x5c7d</run_address>
         <size>0x6e1</size>
         <input_file_ref idref="fl-8b"/>
      </object_component>
      <object_component id="oc-3d">
         <name>.debug_info</name>
         <load_address>0x635e</load_address>
         <run_address>0x635e</run_address>
         <size>0x871</size>
         <input_file_ref idref="fl-8c"/>
      </object_component>
      <object_component id="oc-40">
         <name>.debug_info</name>
         <load_address>0x6bcf</load_address>
         <run_address>0x6bcf</run_address>
         <size>0x6e9</size>
         <input_file_ref idref="fl-8d"/>
      </object_component>
      <object_component id="oc-43">
         <name>.debug_info</name>
         <load_address>0x72b8</load_address>
         <run_address>0x72b8</run_address>
         <size>0x7df</size>
         <input_file_ref idref="fl-8e"/>
      </object_component>
      <object_component id="oc-46">
         <name>.debug_info</name>
         <load_address>0x7a97</load_address>
         <run_address>0x7a97</run_address>
         <size>0x982</size>
         <input_file_ref idref="fl-8f"/>
      </object_component>
      <object_component id="oc-49">
         <name>.debug_info</name>
         <load_address>0x8419</load_address>
         <run_address>0x8419</run_address>
         <size>0x5e2</size>
         <input_file_ref idref="fl-90"/>
      </object_component>
      <object_component id="oc-4d">
         <name>.debug_info</name>
         <load_address>0x89fb</load_address>
         <run_address>0x89fb</run_address>
         <size>0x6a4</size>
         <input_file_ref idref="fl-91"/>
      </object_component>
      <object_component id="oc-50">
         <name>.debug_info</name>
         <load_address>0x909f</load_address>
         <run_address>0x909f</run_address>
         <size>0x69b</size>
         <input_file_ref idref="fl-92"/>
      </object_component>
      <object_component id="oc-53">
         <name>.debug_info</name>
         <load_address>0x973a</load_address>
         <run_address>0x973a</run_address>
         <size>0x697</size>
         <input_file_ref idref="fl-93"/>
      </object_component>
      <object_component id="oc-56">
         <name>.debug_info</name>
         <load_address>0x9dd1</load_address>
         <run_address>0x9dd1</run_address>
         <size>0x691</size>
         <input_file_ref idref="fl-94"/>
      </object_component>
      <object_component id="oc-59">
         <name>.debug_info</name>
         <load_address>0xa462</load_address>
         <run_address>0xa462</run_address>
         <size>0x792</size>
         <input_file_ref idref="fl-95"/>
      </object_component>
      <object_component id="oc-5c">
         <name>.debug_info</name>
         <load_address>0xabf4</load_address>
         <run_address>0xabf4</run_address>
         <size>0x6b7</size>
         <input_file_ref idref="fl-96"/>
      </object_component>
      <object_component id="oc-ab">
         <name>.debug_info</name>
         <load_address>0xb2ab</load_address>
         <run_address>0xb2ab</run_address>
         <size>0x6e</size>
      </object_component>
      <object_component id="oc-4">
         <name>.debug_frame</name>
         <load_address>0x0</load_address>
         <run_address>0x0</run_address>
         <size>0x27d</size>
         <input_file_ref idref="fl-2"/>
      </object_component>
      <object_component id="oc-e">
         <name>.debug_frame</name>
         <load_address>0x27d</load_address>
         <run_address>0x27d</run_address>
         <size>0x30f</size>
         <input_file_ref idref="fl-4"/>
      </object_component>
      <object_component id="oc-15">
         <name>.debug_frame</name>
         <load_address>0x58c</load_address>
         <run_address>0x58c</run_address>
         <size>0x279</size>
         <input_file_ref idref="fl-5"/>
      </object_component>
      <object_component id="oc-5">
         <name>.debug_line</name>
         <load_address>0x0</load_address>
         <run_address>0x0</run_address>
         <size>0xaa</size>
         <input_file_ref idref="fl-2"/>
      </object_component>
      <object_component id="oc-9">
         <name>.debug_line</name>
         <load_address>0xaa</load_address>
         <run_address>0xaa</run_address>
         <size>0x97</size>
         <input_file_ref idref="fl-3"/>
      </object_component>
      <object_component id="oc-f">
         <name>.debug_line</name>
         <load_address>0x141</load_address>
         <run_address>0x141</run_address>
         <size>0x10f</size>
         <input_file_ref idref="fl-4"/>
      </object_component>
      <object_component id="oc-16">
         <name>.debug_line</name>
         <load_address>0x250</load_address>
         <run_address>0x250</run_address>
         <size>0x92</size>
         <input_file_ref idref="fl-5"/>
      </object_component>
      <object_component id="oc-1a">
         <name>.debug_line</name>
         <load_address>0x2e2</load_address>
         <run_address>0x2e2</run_address>
         <size>0x3d</size>
         <input_file_ref idref="fl-82"/>
      </object_component>
      <object_component id="oc-1f">
         <name>.debug_line</name>
         <load_address>0x31f</load_address>
         <run_address>0x31f</run_address>
         <size>0x54</size>
         <input_file_ref idref="fl-83"/>
      </object_component>
      <object_component id="oc-22">
         <name>.debug_line</name>
         <load_address>0x373</load_address>
         <run_address>0x373</run_address>
         <size>0x3c</size>
         <input_file_ref idref="fl-84"/>
      </object_component>
      <object_component id="oc-25">
         <name>.debug_line</name>
         <load_address>0x3af</load_address>
         <run_address>0x3af</run_address>
         <size>0x45</size>
         <input_file_ref idref="fl-85"/>
      </object_component>
      <object_component id="oc-2a">
         <name>.debug_line</name>
         <load_address>0x3f4</load_address>
         <run_address>0x3f4</run_address>
         <size>0x4f</size>
         <input_file_ref idref="fl-86"/>
      </object_component>
      <object_component id="oc-2d">
         <name>.debug_line</name>
         <load_address>0x443</load_address>
         <run_address>0x443</run_address>
         <size>0x37</size>
         <input_file_ref idref="fl-87"/>
      </object_component>
      <object_component id="oc-32">
         <name>.debug_line</name>
         <load_address>0x47a</load_address>
         <run_address>0x47a</run_address>
         <size>0x5c</size>
         <input_file_ref idref="fl-88"/>
      </object_component>
      <object_component id="oc-35">
         <name>.debug_line</name>
         <load_address>0x4d6</load_address>
         <run_address>0x4d6</run_address>
         <size>0x38</size>
         <input_file_ref idref="fl-89"/>
      </object_component>
      <object_component id="oc-38">
         <name>.debug_line</name>
         <load_address>0x50e</load_address>
         <run_address>0x50e</run_address>
         <size>0x38</size>
         <input_file_ref idref="fl-8a"/>
      </object_component>
      <object_component id="oc-3b">
         <name>.debug_line</name>
         <load_address>0x546</load_address>
         <run_address>0x546</run_address>
         <size>0x41</size>
         <input_file_ref idref="fl-8b"/>
      </object_component>
      <object_component id="oc-3e">
         <name>.debug_line</name>
         <load_address>0x587</load_address>
         <run_address>0x587</run_address>
         <size>0x47</size>
         <input_file_ref idref="fl-8c"/>
      </object_component>
      <object_component id="oc-41">
         <name>.debug_line</name>
         <load_address>0x5ce</load_address>
         <run_address>0x5ce</run_address>
         <size>0x45</size>
         <input_file_ref idref="fl-8d"/>
      </object_component>
      <object_component id="oc-44">
         <name>.debug_line</name>
         <load_address>0x613</load_address>
         <run_address>0x613</run_address>
         <size>0x44</size>
         <input_file_ref idref="fl-8e"/>
      </object_component>
      <object_component id="oc-47">
         <name>.debug_line</name>
         <load_address>0x657</load_address>
         <run_address>0x657</run_address>
         <size>0x3c</size>
         <input_file_ref idref="fl-8f"/>
      </object_component>
      <object_component id="oc-4e">
         <name>.debug_line</name>
         <load_address>0x693</load_address>
         <run_address>0x693</run_address>
         <size>0x3e</size>
         <input_file_ref idref="fl-91"/>
      </object_component>
      <object_component id="oc-51">
         <name>.debug_line</name>
         <load_address>0x6d1</load_address>
         <run_address>0x6d1</run_address>
         <size>0x38</size>
         <input_file_ref idref="fl-92"/>
      </object_component>
      <object_component id="oc-54">
         <name>.debug_line</name>
         <load_address>0x709</load_address>
         <run_address>0x709</run_address>
         <size>0x3a</size>
         <input_file_ref idref="fl-93"/>
      </object_component>
      <object_component id="oc-57">
         <name>.debug_line</name>
         <load_address>0x743</load_address>
         <run_address>0x743</run_address>
         <size>0x3f</size>
         <input_file_ref idref="fl-94"/>
      </object_component>
      <object_component id="oc-5a">
         <name>.debug_line</name>
         <load_address>0x782</load_address>
         <run_address>0x782</run_address>
         <size>0x4e</size>
         <input_file_ref idref="fl-95"/>
      </object_component>
      <object_component id="oc-5d">
         <name>.debug_line</name>
         <load_address>0x7d0</load_address>
         <run_address>0x7d0</run_address>
         <size>0x3d</size>
         <input_file_ref idref="fl-96"/>
      </object_component>
      <object_component id="oc-6">
         <name>.debug_abbrev</name>
         <load_address>0x0</load_address>
         <run_address>0x0</run_address>
         <size>0xbc</size>
         <input_file_ref idref="fl-2"/>
      </object_component>
      <object_component id="oc-a">
         <name>.debug_abbrev</name>
         <load_address>0xbc</load_address>
         <run_address>0xbc</run_address>
         <size>0x21</size>
         <input_file_ref idref="fl-3"/>
      </object_component>
      <object_component id="oc-10">
         <name>.debug_abbrev</name>
         <load_address>0xdd</load_address>
         <run_address>0xdd</run_address>
         <size>0x120</size>
         <input_file_ref idref="fl-4"/>
      </object_component>
      <object_component id="oc-17">
         <name>.debug_abbrev</name>
         <load_address>0x1fd</load_address>
         <run_address>0x1fd</run_address>
         <size>0x12e</size>
         <input_file_ref idref="fl-5"/>
      </object_component>
      <object_component id="oc-1b">
         <name>.debug_abbrev</name>
         <load_address>0x32b</load_address>
         <run_address>0x32b</run_address>
         <size>0xfe</size>
         <input_file_ref idref="fl-82"/>
      </object_component>
      <object_component id="oc-20">
         <name>.debug_abbrev</name>
         <load_address>0x429</load_address>
         <run_address>0x429</run_address>
         <size>0xcc</size>
         <input_file_ref idref="fl-83"/>
      </object_component>
      <object_component id="oc-23">
         <name>.debug_abbrev</name>
         <load_address>0x4f5</load_address>
         <run_address>0x4f5</run_address>
         <size>0xe7</size>
         <input_file_ref idref="fl-84"/>
      </object_component>
      <object_component id="oc-26">
         <name>.debug_abbrev</name>
         <load_address>0x5dc</load_address>
         <run_address>0x5dc</run_address>
         <size>0x3b</size>
         <input_file_ref idref="fl-85"/>
      </object_component>
      <object_component id="oc-2b">
         <name>.debug_abbrev</name>
         <load_address>0x617</load_address>
         <run_address>0x617</run_address>
         <size>0x119</size>
         <input_file_ref idref="fl-86"/>
      </object_component>
      <object_component id="oc-2e">
         <name>.debug_abbrev</name>
         <load_address>0x730</load_address>
         <run_address>0x730</run_address>
         <size>0xa1</size>
         <input_file_ref idref="fl-87"/>
      </object_component>
      <object_component id="oc-33">
         <name>.debug_abbrev</name>
         <load_address>0x7d1</load_address>
         <run_address>0x7d1</run_address>
         <size>0xdc</size>
         <input_file_ref idref="fl-88"/>
      </object_component>
      <object_component id="oc-36">
         <name>.debug_abbrev</name>
         <load_address>0x8ad</load_address>
         <run_address>0x8ad</run_address>
         <size>0xaf</size>
         <input_file_ref idref="fl-89"/>
      </object_component>
      <object_component id="oc-39">
         <name>.debug_abbrev</name>
         <load_address>0x95c</load_address>
         <run_address>0x95c</run_address>
         <size>0xaf</size>
         <input_file_ref idref="fl-8a"/>
      </object_component>
      <object_component id="oc-3c">
         <name>.debug_abbrev</name>
         <load_address>0xa0b</load_address>
         <run_address>0xa0b</run_address>
         <size>0xe1</size>
         <input_file_ref idref="fl-8b"/>
      </object_component>
      <object_component id="oc-3f">
         <name>.debug_abbrev</name>
         <load_address>0xaec</load_address>
         <run_address>0xaec</run_address>
         <size>0x13f</size>
         <input_file_ref idref="fl-8c"/>
      </object_component>
      <object_component id="oc-42">
         <name>.debug_abbrev</name>
         <load_address>0xc2b</load_address>
         <run_address>0xc2b</run_address>
         <size>0xdd</size>
         <input_file_ref idref="fl-8d"/>
      </object_component>
      <object_component id="oc-45">
         <name>.debug_abbrev</name>
         <load_address>0xd08</load_address>
         <run_address>0xd08</run_address>
         <size>0x10c</size>
         <input_file_ref idref="fl-8e"/>
      </object_component>
      <object_component id="oc-48">
         <name>.debug_abbrev</name>
         <load_address>0xe14</load_address>
         <run_address>0xe14</run_address>
         <size>0xf5</size>
         <input_file_ref idref="fl-8f"/>
      </object_component>
      <object_component id="oc-4c">
         <name>.debug_abbrev</name>
         <load_address>0xf09</load_address>
         <run_address>0xf09</run_address>
         <size>0x44</size>
         <input_file_ref idref="fl-90"/>
      </object_component>
      <object_component id="oc-4f">
         <name>.debug_abbrev</name>
         <load_address>0xf4d</load_address>
         <run_address>0xf4d</run_address>
         <size>0x9a</size>
         <input_file_ref idref="fl-91"/>
      </object_component>
      <object_component id="oc-52">
         <name>.debug_abbrev</name>
         <load_address>0xfe7</load_address>
         <run_address>0xfe7</run_address>
         <size>0xb1</size>
         <input_file_ref idref="fl-92"/>
      </object_component>
      <object_component id="oc-55">
         <name>.debug_abbrev</name>
         <load_address>0x1098</load_address>
         <run_address>0x1098</run_address>
         <size>0xa8</size>
         <input_file_ref idref="fl-93"/>
      </object_component>
      <object_component id="oc-58">
         <name>.debug_abbrev</name>
         <load_address>0x1140</load_address>
         <run_address>0x1140</run_address>
         <size>0xa3</size>
         <input_file_ref idref="fl-94"/>
      </object_component>
      <object_component id="oc-5b">
         <name>.debug_abbrev</name>
         <load_address>0x11e3</load_address>
         <run_address>0x11e3</run_address>
         <size>0xd5</size>
         <input_file_ref idref="fl-95"/>
      </object_component>
      <object_component id="oc-5e">
         <name>.debug_abbrev</name>
         <load_address>0x12b8</load_address>
         <run_address>0x12b8</run_address>
         <size>0xa3</size>
         <input_file_ref idref="fl-96"/>
      </object_component>
      <object_component id="oc-ac">
         <name>.debug_abbrev</name>
         <load_address>0x135b</load_address>
         <run_address>0x135b</run_address>
         <size>0xd</size>
      </object_component>
   </object_component_list>
   <logical_group_list>
      <logical_group id="lg-78">
         <name>.text</name>
         <load_address>0x20</load_address>
         <run_address>0x20</run_address>
         <size>0x3160</size>
         <contents>
            <object_component_ref idref="oc-6e"/>
            <object_component_ref idref="oc-74"/>
            <object_component_ref idref="oc-6d"/>
            <object_component_ref idref="oc-67"/>
            <object_component_ref idref="oc-69"/>
            <object_component_ref idref="oc-65"/>
            <object_component_ref idref="oc-68"/>
            <object_component_ref idref="oc-63"/>
            <object_component_ref idref="oc-73"/>
            <object_component_ref idref="oc-76"/>
            <object_component_ref idref="oc-7"/>
            <object_component_ref idref="oc-6a"/>
            <object_component_ref idref="oc-72"/>
            <object_component_ref idref="oc-5f"/>
            <object_component_ref idref="oc-70"/>
            <object_component_ref idref="oc-61"/>
            <object_component_ref idref="oc-71"/>
            <object_component_ref idref="oc-62"/>
            <object_component_ref idref="oc-77"/>
            <object_component_ref idref="oc-64"/>
            <object_component_ref idref="oc-2"/>
            <object_component_ref idref="oc-75"/>
            <object_component_ref idref="oc-60"/>
            <object_component_ref idref="oc-6f"/>
            <object_component_ref idref="oc-66"/>
         </contents>
      </logical_group>
      <logical_group id="lg-79">
         <name>.const</name>
         <load_address>0x6ba8</load_address>
         <run_address>0x6ba8</run_address>
         <size>0x48</size>
         <contents>
            <object_component_ref idref="oc-6b"/>
            <object_component_ref idref="oc-14"/>
            <object_component_ref idref="oc-6c"/>
         </contents>
      </logical_group>
      <logical_group id="lg-7a">
         <name>.data</name>
         <run_address>0x8</run_address>
         <size>0x0</size>
         <contents>
         </contents>
      </logical_group>
      <logical_group id="lg-7b">
         <name>.bss</name>
         <run_address>0x8</run_address>
         <size>0x0</size>
         <contents>
         </contents>
      </logical_group>
      <logical_group id="lg-7c">
         <name>.cinit</name>
         <load_address>0x6908</load_address>
         <run_address>0x6908</run_address>
         <size>0x29c</size>
         <contents>
            <object_component_ref idref="oc-30"/>
            <object_component_ref idref="oc-12"/>
            <object_component_ref idref="oc-1d"/>
            <object_component_ref idref="oc-28"/>
            <object_component_ref idref="oc-c"/>
            <object_component_ref idref="oc-4a"/>
         </contents>
      </logical_group>
      <logical_group id="lg-7d">
         <name>.pinit</name>
         <run_address>0x0</run_address>
         <size>0x0</size>
         <contents>
         </contents>
      </logical_group>
      <logical_group id="lg-7e">
         <name>.stack</name>
         <run_address>0x5908</run_address>
         <size>0x1000</size>
         <contents>
            <object_component_ref idref="oc-19"/>
            <object_component_ref idref="oc-9b"/>
         </contents>
      </logical_group>
      <logical_group id="lg-7f">
         <name>.sysmem</name>
         <run_address>0x0</run_address>
         <size>0x0</size>
         <contents>
         </contents>
      </logical_group>
      <logical_group id="lg-80">
         <name>.far</name>
         <run_address>0x3180</run_address>
         <size>0x2784</size>
         <contents>
            <object_component_ref idref="oc-d"/>
            <object_component_ref idref="oc-13"/>
            <object_component_ref idref="oc-1e"/>
            <object_component_ref idref="oc-29"/>
            <object_component_ref idref="oc-31"/>
            <object_component_ref idref="oc-4b"/>
         </contents>
      </logical_group>
      <logical_group id="lg-81">
         <name>.switch</name>
         <run_address>0x0</run_address>
         <size>0x0</size>
         <contents>
         </contents>
      </logical_group>
      <logical_group id="lg-82">
         <name>.cio</name>
         <run_address>0x0</run_address>
         <size>0x0</size>
         <contents>
         </contents>
      </logical_group>
      <logical_group id="lg-83">
         <name>.ppinfo</name>
         <run_address>0x0</run_address>
         <size>0x0</size>
         <contents>
         </contents>
      </logical_group>
      <logical_group id="lg-84">
         <name>.ppdata</name>
         <run_address>0x0</run_address>
         <size>0x0</size>
         <contents>
         </contents>
      </logical_group>
      <logical_group id="lg-92">
         <name>.debug_info</name>
         <load_address>0x0</load_address>
         <run_address>0x0</run_address>
         <size>0xb319</size>
         <contents>
            <object_component_ref idref="oc-3"/>
            <object_component_ref idref="oc-8"/>
            <object_component_ref idref="oc-b"/>
            <object_component_ref idref="oc-11"/>
            <object_component_ref idref="oc-18"/>
            <object_component_ref idref="oc-1c"/>
            <object_component_ref idref="oc-21"/>
            <object_component_ref idref="oc-24"/>
            <object_component_ref idref="oc-27"/>
            <object_component_ref idref="oc-2c"/>
            <object_component_ref idref="oc-2f"/>
            <object_component_ref idref="oc-34"/>
            <object_component_ref idref="oc-37"/>
            <object_component_ref idref="oc-3a"/>
            <object_component_ref idref="oc-3d"/>
            <object_component_ref idref="oc-40"/>
            <object_component_ref idref="oc-43"/>
            <object_component_ref idref="oc-46"/>
            <object_component_ref idref="oc-49"/>
            <object_component_ref idref="oc-4d"/>
            <object_component_ref idref="oc-50"/>
            <object_component_ref idref="oc-53"/>
            <object_component_ref idref="oc-56"/>
            <object_component_ref idref="oc-59"/>
            <object_component_ref idref="oc-5c"/>
            <object_component_ref idref="oc-ab"/>
         </contents>
      </logical_group>
      <logical_group id="lg-94">
         <name>.debug_frame</name>
         <load_address>0x0</load_address>
         <run_address>0x0</run_address>
         <size>0x805</size>
         <contents>
            <object_component_ref idref="oc-4"/>
            <object_component_ref idref="oc-e"/>
            <object_component_ref idref="oc-15"/>
         </contents>
      </logical_group>
      <logical_group id="lg-96">
         <name>.debug_line</name>
         <load_address>0x0</load_address>
         <run_address>0x0</run_address>
         <size>0x80d</size>
         <contents>
            <object_component_ref idref="oc-5"/>
            <object_component_ref idref="oc-9"/>
            <object_component_ref idref="oc-f"/>
            <object_component_ref idref="oc-16"/>
            <object_component_ref idref="oc-1a"/>
            <object_component_ref idref="oc-1f"/>
            <object_component_ref idref="oc-22"/>
            <object_component_ref idref="oc-25"/>
            <object_component_ref idref="oc-2a"/>
            <object_component_ref idref="oc-2d"/>
            <object_component_ref idref="oc-32"/>
            <object_component_ref idref="oc-35"/>
            <object_component_ref idref="oc-38"/>
            <object_component_ref idref="oc-3b"/>
            <object_component_ref idref="oc-3e"/>
            <object_component_ref idref="oc-41"/>
            <object_component_ref idref="oc-44"/>
            <object_component_ref idref="oc-47"/>
            <object_component_ref idref="oc-4e"/>
            <object_component_ref idref="oc-51"/>
            <object_component_ref idref="oc-54"/>
            <object_component_ref idref="oc-57"/>
            <object_component_ref idref="oc-5a"/>
            <object_component_ref idref="oc-5d"/>
         </contents>
      </logical_group>
      <logical_group id="lg-98">
         <name>.debug_abbrev</name>
         <load_address>0x0</load_address>
         <run_address>0x0</run_address>
         <size>0x1368</size>
         <contents>
            <object_component_ref idref="oc-6"/>
            <object_component_ref idref="oc-a"/>
            <object_component_ref idref="oc-10"/>
            <object_component_ref idref="oc-17"/>
            <object_component_ref idref="oc-1b"/>
            <object_component_ref idref="oc-20"/>
            <object_component_ref idref="oc-23"/>
            <object_component_ref idref="oc-26"/>
            <object_component_ref idref="oc-2b"/>
            <object_component_ref idref="oc-2e"/>
            <object_component_ref idref="oc-33"/>
            <object_component_ref idref="oc-36"/>
            <object_component_ref idref="oc-39"/>
            <object_component_ref idref="oc-3c"/>
            <object_component_ref idref="oc-3f"/>
            <object_component_ref idref="oc-42"/>
            <object_component_ref idref="oc-45"/>
            <object_component_ref idref="oc-48"/>
            <object_component_ref idref="oc-4c"/>
            <object_component_ref idref="oc-4f"/>
            <object_component_ref idref="oc-52"/>
            <object_component_ref idref="oc-55"/>
            <object_component_ref idref="oc-58"/>
            <object_component_ref idref="oc-5b"/>
            <object_component_ref idref="oc-5e"/>
            <object_component_ref idref="oc-ac"/>
         </contents>
      </logical_group>
   </logical_group_list>
   <placement_map>
      <memory_area>
         <name>RAM</name>
         <page_id>0x0</page_id>
         <origin>0x1</origin>
         <length>0xfffffffe</length>
         <used_space>0x6bc8</used_space>
         <unused_space>0xffff9436</unused_space>
         <attributes>RWIX</attributes>
         <usage_details>
            <available_space>
               <start_address>0x1</start_address>
               <size>0x7</size>
            </available_space>
            <allocated_space>
               <start_address>0x8</start_address>
               <size>0x0</size>
               <logical_group_ref idref="lg-7b"/>
            </allocated_space>
            <allocated_space>
               <start_address>0x8</start_address>
               <size>0x0</size>
               <logical_group_ref idref="lg-7a"/>
            </allocated_space>
            <available_space>
               <start_address>0x8</start_address>
               <size>0x18</size>
            </available_space>
            <allocated_space>
               <start_address>0x20</start_address>
               <size>0x3160</size>
               <logical_group_ref idref="lg-78"/>
            </allocated_space>
            <allocated_space>
               <start_address>0x3180</start_address>
               <size>0x2784</size>
               <logical_group_ref idref="lg-80"/>
            </allocated_space>
            <available_space>
               <start_address>0x5904</start_address>
               <size>0x4</size>
            </available_space>
            <allocated_space>
               <start_address>0x5908</start_address>
               <size>0x1000</size>
               <logical_group_ref idref="lg-7e"/>
            </allocated_space>
            <allocated_space>
               <start_address>0x6908</start_address>
               <size>0x29c</size>
               <logical_group_ref idref="lg-7c"/>
            </allocated_space>
            <available_space>
               <start_address>0x6ba4</start_address>
               <size>0x4</size>
            </available_space>
            <allocated_space>
               <start_address>0x6ba8</start_address>
               <size>0x48</size>
               <logical_group_ref idref="lg-79"/>
            </allocated_space>
            <available_space>
               <start_address>0x6bf0</start_address>
               <size>0xffff940f</size>
            </available_space>
         </usage_details>
      </memory_area>
   </placement_map>
   <symbol_table>
      <symbol id="sm-0">
         <name>cinit</name>
         <value>0x6908</value>
      </symbol>
      <symbol id="sm-1">
         <name>___cinit__</name>
         <value>0x6908</value>
      </symbol>
      <symbol id="sm-2">
         <name>pinit</name>
         <value>0xffffffff</value>
      </symbol>
      <symbol id="sm-3">
         <name>___pinit__</name>
         <value>0xffffffff</value>
      </symbol>
      <symbol id="sm-4">
         <name>binit</name>
         <value>0xffffffff</value>
      </symbol>
      <symbol id="sm-5">
         <name>___binit__</name>
         <value>0xffffffff</value>
      </symbol>
      <symbol id="sm-6">
         <name>__STACK_SIZE</name>
         <value>0x1000</value>
      </symbol>
      <symbol id="sm-7">
         <name>__STACK_END</name>
         <value>0x6908</value>
      </symbol>
      <symbol id="sm-8">
         <name>___c_args__</name>
         <value>0xffffffff</value>
      </symbol>
      <symbol id="sm-9">
         <name>.text</name>
         <value>0x20</value>
      </symbol>
      <symbol id="sm-a">
         <name>___text__</name>
         <value>0x20</value>
      </symbol>
      <symbol id="sm-b">
         <name>etext</name>
         <value>0x3180</value>
      </symbol>
      <symbol id="sm-c">
         <name>___etext__</name>
         <value>0x3180</value>
      </symbol>
      <symbol id="sm-d">
         <name>.data</name>
         <value>0x8</value>
      </symbol>
      <symbol id="sm-e">
         <name>___data__</name>
         <value>0x8</value>
      </symbol>
      <symbol id="sm-f">
         <name>edata</name>
         <value>0x8</value>
      </symbol>
      <symbol id="sm-10">
         <name>___edata__</name>
         <value>0x8</value>
      </symbol>
      <symbol id="sm-11">
         <name>.bss</name>
         <value>0x8</value>
      </symbol>
      <symbol id="sm-12">
         <name>___bss__</name>
         <value>0x8</value>
      </symbol>
      <symbol id="sm-13">
         <name>end</name>
         <value>0x8</value>
      </symbol>
      <symbol id="sm-14">
         <name>___end__</name>
         <value>0x8</value>
      </symbol>
      <symbol id="sm-15">
         <name>___TI_pprof_out_hndl</name>
         <value>0xffffffff</value>
      </symbol>
      <symbol id="sm-16">
         <name>___TI_prof_data_start</name>
         <value>0xffffffff</value>
      </symbol>
      <symbol id="sm-17">
         <name>___TI_prof_data_size</name>
         <value>0xffffffff</value>
      </symbol>
      <symbol id="sm-18">
         <name>$bss</name>
         <value>0x8</value>
      </symbol>
      <symbol id="sm-4d">
         <name>_IIR_2ndOrder_directII</name>
         <value>0x1040</value>
         <object_component_ref idref="oc-6d"/>
      </symbol>
      <symbol id="sm-4e">
         <name>_sat_25bits</name>
         <value>0x1318</value>
         <object_component_ref idref="oc-6d"/>
      </symbol>
      <symbol id="sm-56">
         <name>_IIR_2ndOrder_directII_ASM</name>
         <value>0x2720</value>
         <object_component_ref idref="oc-7"/>
      </symbol>
      <symbol id="sm-82">
         <name>_init_w</name>
         <value>0x1680</value>
         <object_component_ref idref="oc-67"/>
      </symbol>
      <symbol id="sm-83">
         <name>_FPH_7000</name>
         <value>0x153c</value>
         <object_component_ref idref="oc-67"/>
      </symbol>
      <symbol id="sm-84">
         <name>_IIR_W</name>
         <value>0x58e8</value>
         <object_component_ref idref="oc-d"/>
      </symbol>
      <symbol id="sm-85">
         <name>_FPB_5000</name>
         <value>0x1504</value>
         <object_component_ref idref="oc-67"/>
      </symbol>
      <symbol id="sm-86">
         <name>_FPB_700</name>
         <value>0x1480</value>
         <object_component_ref idref="oc-67"/>
      </symbol>
      <symbol id="sm-87">
         <name>_IIR_GAINS</name>
         <value>0x6be8</value>
         <object_component_ref idref="oc-6c"/>
      </symbol>
      <symbol id="sm-88">
         <name>_FPH_1000</name>
         <value>0x15c4</value>
         <object_component_ref idref="oc-67"/>
      </symbol>
      <symbol id="sm-89">
         <name>_IIR_COEFFS</name>
         <value>0x6ba8</value>
         <object_component_ref idref="oc-6b"/>
      </symbol>
      <symbol id="sm-8a">
         <name>_FPB_1000_5000</name>
         <value>0x15fc</value>
         <object_component_ref idref="oc-67"/>
      </symbol>
      <symbol id="sm-8b">
         <name>_sat_16bits</name>
         <value>0x1714</value>
         <object_component_ref idref="oc-67"/>
      </symbol>
      <symbol id="sm-b8">
         <name>_main</name>
         <value>0x1bc0</value>
         <object_component_ref idref="oc-65"/>
      </symbol>
      <symbol id="sm-b9">
         <name>_echFiltrer700</name>
         <value>0x318c</value>
         <object_component_ref idref="oc-13"/>
      </symbol>
      <symbol id="sm-ba">
         <name>_echFiltrer5000</name>
         <value>0x3f54</value>
         <object_component_ref idref="oc-13"/>
      </symbol>
      <symbol id="sm-bb">
         <name>_PI</name>
         <value>0x5090</value>
         <object_component_ref idref="oc-13"/>
      </symbol>
      <symbol id="sm-bc">
         <name>_echFiltrer1000</name>
         <value>0x3870</value>
         <object_component_ref idref="oc-13"/>
      </symbol>
      <symbol id="sm-bd">
         <name>_nb_ech</name>
         <value>0x3188</value>
         <object_component_ref idref="oc-13"/>
      </symbol>
      <symbol id="sm-be">
         <name>_Fs</name>
         <value>0x3180</value>
         <object_component_ref idref="oc-13"/>
      </symbol>
      <symbol id="sm-bf">
         <name>_F1</name>
         <value>0x3184</value>
         <object_component_ref idref="oc-13"/>
      </symbol>
      <symbol id="sm-c0">
         <name>_echFiltrer7000</name>
         <value>0x4638</value>
         <object_component_ref idref="oc-13"/>
      </symbol>
      <symbol id="sm-c1">
         <name>_output</name>
         <value>0x5094</value>
         <object_component_ref idref="oc-13"/>
      </symbol>
      <symbol id="sm-c2">
         <name>_TableCos1</name>
         <value>0x4d1c</value>
         <object_component_ref idref="oc-13"/>
      </symbol>
      <symbol id="sm-c3">
         <name>_filtrePasseBande</name>
         <value>0x1cfc</value>
         <object_component_ref idref="oc-65"/>
      </symbol>
      <symbol id="sm-cf">
         <name>_c_int00</name>
         <value>0x3000</value>
         <object_component_ref idref="oc-2"/>
      </symbol>
      <symbol id="sm-d0">
         <name>__stack</name>
         <value>0x5908</value>
         <object_component_ref idref="oc-19"/>
      </symbol>
      <symbol id="sm-de">
         <name>_cos</name>
         <value>0x1880</value>
         <object_component_ref idref="oc-69"/>
      </symbol>
      <symbol id="sm-e8">
         <name>__divf</name>
         <value>0x1f00</value>
         <object_component_ref idref="oc-68"/>
      </symbol>
      <symbol id="sm-f0">
         <name>__c6xabi_divi</name>
         <value>0x2840</value>
         <object_component_ref idref="oc-6a"/>
      </symbol>
      <symbol id="sm-f1">
         <name>__divi</name>
         <value>0x2840</value>
         <object_component_ref idref="oc-6a"/>
      </symbol>
      <symbol id="sm-101">
         <name>C$$EXIT</name>
         <value>0x3160</value>
         <object_component_ref idref="oc-66"/>
      </symbol>
      <symbol id="sm-102">
         <name>_exit</name>
         <value>0x2c60</value>
         <object_component_ref idref="oc-61"/>
      </symbol>
      <symbol id="sm-103">
         <name>___TI_enable_exit_profile_output</name>
         <value>0x58fc</value>
         <object_component_ref idref="oc-29"/>
      </symbol>
      <symbol id="sm-104">
         <name>_abort</name>
         <value>0x3160</value>
         <object_component_ref idref="oc-66"/>
      </symbol>
      <symbol id="sm-105">
         <name>__cleanup_ptr</name>
         <value>0x58f4</value>
         <object_component_ref idref="oc-29"/>
      </symbol>
      <symbol id="sm-106">
         <name>__dtors_ptr</name>
         <value>0x58f8</value>
         <object_component_ref idref="oc-29"/>
      </symbol>
      <symbol id="sm-110">
         <name>_modf</name>
         <value>0x2d40</value>
         <object_component_ref idref="oc-71"/>
      </symbol>
      <symbol id="sm-11e">
         <name>_pow</name>
         <value>0x20</value>
         <object_component_ref idref="oc-6e"/>
      </symbol>
      <symbol id="sm-128">
         <name>__nround</name>
         <value>0x2b80</value>
         <object_component_ref idref="oc-70"/>
      </symbol>
      <symbol id="sm-132">
         <name>__trunc</name>
         <value>0x3120</value>
         <object_component_ref idref="oc-6f"/>
      </symbol>
      <symbol id="sm-13c">
         <name>__args_main</name>
         <value>0x30e0</value>
         <object_component_ref idref="oc-60"/>
      </symbol>
      <symbol id="sm-13d">
         <name>__TI_args_main</name>
         <value>0x1</value>
      </symbol>
      <symbol id="sm-147">
         <name>__auto_init</name>
         <value>0x2a80</value>
         <object_component_ref idref="oc-5f"/>
      </symbol>
      <symbol id="sm-151">
         <name>___TI_cpp_init</name>
         <value>0x2f80</value>
         <object_component_ref idref="oc-64"/>
      </symbol>
      <symbol id="sm-15b">
         <name>_copy_in</name>
         <value>0x2e20</value>
         <object_component_ref idref="oc-62"/>
      </symbol>
      <symbol id="sm-165">
         <name>__divd</name>
         <value>0x920</value>
         <object_component_ref idref="oc-74"/>
      </symbol>
      <symbol id="sm-16f">
         <name>_errno</name>
         <value>0x5900</value>
         <object_component_ref idref="oc-4b"/>
      </symbol>
      <symbol id="sm-179">
         <name>__frcmpyd_div</name>
         <value>0x25e0</value>
         <object_component_ref idref="oc-76"/>
      </symbol>
      <symbol id="sm-183">
         <name>_frexp</name>
         <value>0x2960</value>
         <object_component_ref idref="oc-72"/>
      </symbol>
      <symbol id="sm-18d">
         <name>_ldexp</name>
         <value>0x2440</value>
         <object_component_ref idref="oc-73"/>
      </symbol>
      <symbol id="sm-197">
         <name>__llshru</name>
         <value>0x3080</value>
         <object_component_ref idref="oc-75"/>
      </symbol>
      <symbol id="sm-1a1">
         <name>_memcpy</name>
         <value>0x2200</value>
         <object_component_ref idref="oc-63"/>
      </symbol>
      <symbol id="sm-1ab">
         <name>__mpyll</name>
         <value>0x2ee0</value>
         <object_component_ref idref="oc-77"/>
      </symbol>
   </symbol_table>
</link_info>
