<?xml version="1.0"?>
<link_info>
   <banner>TMS320C6x Linker PC v7.4.20</banner>
   <copyright>Copyright (c) 1996-2015 Texas Instruments Incorporated</copyright>
   <link_time>0x5abd6689</link_time>
   <output_file>Projet_APP.out</output_file>
   <entry_point>
      <name>_c_int00</name>
      <address>0x2760</address>
   </entry_point>
   <input_file_list>
      <input_file id="fl-2">
         <path>.\Source\C\</path>
         <kind>object</kind>
         <file>IIR_2ndOrder_directII_ASM.obj</file>
         <name>IIR_2ndOrder_directII_ASM.obj</name>
      </input_file>
      <input_file id="fl-3">
         <path>.\Source\C\</path>
         <kind>object</kind>
         <file>filter.obj</file>
         <name>filter.obj</name>
      </input_file>
      <input_file id="fl-4">
         <path>.\Source\C\</path>
         <kind>object</kind>
         <file>main_accordeur.obj</file>
         <name>main_accordeur.obj</name>
      </input_file>
      <input_file id="fl-81">
         <path>C:\ti\ccsv7\tools\compiler\c6000_7.4.20\lib\</path>
         <kind>archive</kind>
         <file>rts6700.lib</file>
         <name>boot.obj</name>
      </input_file>
      <input_file id="fl-82">
         <path>C:\ti\ccsv7\tools\compiler\c6000_7.4.20\lib\</path>
         <kind>archive</kind>
         <file>rts6700.lib</file>
         <name>cos.obj</name>
      </input_file>
      <input_file id="fl-83">
         <path>C:\ti\ccsv7\tools\compiler\c6000_7.4.20\lib\</path>
         <kind>archive</kind>
         <file>rts6700.lib</file>
         <name>divf.obj</name>
      </input_file>
      <input_file id="fl-84">
         <path>C:\ti\ccsv7\tools\compiler\c6000_7.4.20\lib\</path>
         <kind>archive</kind>
         <file>rts6700.lib</file>
         <name>exit.obj</name>
      </input_file>
      <input_file id="fl-85">
         <path>C:\ti\ccsv7\tools\compiler\c6000_7.4.20\lib\</path>
         <kind>archive</kind>
         <file>rts6700.lib</file>
         <name>modf.obj</name>
      </input_file>
      <input_file id="fl-86">
         <path>C:\ti\ccsv7\tools\compiler\c6000_7.4.20\lib\</path>
         <kind>archive</kind>
         <file>rts6700.lib</file>
         <name>pow.obj</name>
      </input_file>
      <input_file id="fl-87">
         <path>C:\ti\ccsv7\tools\compiler\c6000_7.4.20\lib\</path>
         <kind>archive</kind>
         <file>rts6700.lib</file>
         <name>round.obj</name>
      </input_file>
      <input_file id="fl-88">
         <path>C:\ti\ccsv7\tools\compiler\c6000_7.4.20\lib\</path>
         <kind>archive</kind>
         <file>rts6700.lib</file>
         <name>trunc.obj</name>
      </input_file>
      <input_file id="fl-89">
         <path>C:\ti\ccsv7\tools\compiler\c6000_7.4.20\lib\</path>
         <kind>archive</kind>
         <file>rts6700.lib</file>
         <name>args_main.obj</name>
      </input_file>
      <input_file id="fl-8a">
         <path>C:\ti\ccsv7\tools\compiler\c6000_7.4.20\lib\</path>
         <kind>archive</kind>
         <file>rts6700.lib</file>
         <name>autoinit.obj</name>
      </input_file>
      <input_file id="fl-8b">
         <path>C:\ti\ccsv7\tools\compiler\c6000_7.4.20\lib\</path>
         <kind>archive</kind>
         <file>rts6700.lib</file>
         <name>cpp_init.obj</name>
      </input_file>
      <input_file id="fl-8c">
         <path>C:\ti\ccsv7\tools\compiler\c6000_7.4.20\lib\</path>
         <kind>archive</kind>
         <file>rts6700.lib</file>
         <name>cpy_tbl.obj</name>
      </input_file>
      <input_file id="fl-8d">
         <path>C:\ti\ccsv7\tools\compiler\c6000_7.4.20\lib\</path>
         <kind>archive</kind>
         <file>rts6700.lib</file>
         <name>divd.obj</name>
      </input_file>
      <input_file id="fl-8e">
         <path>C:\ti\ccsv7\tools\compiler\c6000_7.4.20\lib\</path>
         <kind>archive</kind>
         <file>rts6700.lib</file>
         <name>errno.obj</name>
      </input_file>
      <input_file id="fl-8f">
         <path>C:\ti\ccsv7\tools\compiler\c6000_7.4.20\lib\</path>
         <kind>archive</kind>
         <file>rts6700.lib</file>
         <name>frcmpyd_div.obj</name>
      </input_file>
      <input_file id="fl-90">
         <path>C:\ti\ccsv7\tools\compiler\c6000_7.4.20\lib\</path>
         <kind>archive</kind>
         <file>rts6700.lib</file>
         <name>frexp.obj</name>
      </input_file>
      <input_file id="fl-91">
         <path>C:\ti\ccsv7\tools\compiler\c6000_7.4.20\lib\</path>
         <kind>archive</kind>
         <file>rts6700.lib</file>
         <name>ldexp.obj</name>
      </input_file>
      <input_file id="fl-92">
         <path>C:\ti\ccsv7\tools\compiler\c6000_7.4.20\lib\</path>
         <kind>archive</kind>
         <file>rts6700.lib</file>
         <name>llshift.obj</name>
      </input_file>
      <input_file id="fl-93">
         <path>C:\ti\ccsv7\tools\compiler\c6000_7.4.20\lib\</path>
         <kind>archive</kind>
         <file>rts6700.lib</file>
         <name>memcpy62.obj</name>
      </input_file>
      <input_file id="fl-94">
         <path>C:\ti\ccsv7\tools\compiler\c6000_7.4.20\lib\</path>
         <kind>archive</kind>
         <file>rts6700.lib</file>
         <name>mpyll.obj</name>
      </input_file>
   </input_file_list>
   <object_component_list>
      <object_component id="oc-62">
         <name>.text:_pow</name>
         <load_address>0x20</load_address>
         <run_address>0x20</run_address>
         <size>0x900</size>
         <input_file_ref idref="fl-86"/>
      </object_component>
      <object_component id="oc-6a">
         <name>.text:__divd</name>
         <load_address>0x920</load_address>
         <run_address>0x920</run_address>
         <size>0x720</size>
         <input_file_ref idref="fl-8d"/>
      </object_component>
      <object_component id="oc-61">
         <name>.text:_cos</name>
         <load_address>0x1040</load_address>
         <run_address>0x1040</run_address>
         <size>0x340</size>
         <input_file_ref idref="fl-82"/>
      </object_component>
      <object_component id="oc-60">
         <name>.text:__divf</name>
         <load_address>0x1380</load_address>
         <run_address>0x1380</run_address>
         <size>0x300</size>
         <input_file_ref idref="fl-83"/>
      </object_component>
      <object_component id="oc-5f">
         <name>.text</name>
         <load_address>0x1680</load_address>
         <run_address>0x1680</run_address>
         <size>0x2a0</size>
         <input_file_ref idref="fl-3"/>
      </object_component>
      <object_component id="oc-5b">
         <name>.text:_memcpy</name>
         <load_address>0x1920</load_address>
         <run_address>0x1920</run_address>
         <size>0x240</size>
         <input_file_ref idref="fl-93"/>
      </object_component>
      <object_component id="oc-69">
         <name>.text:_ldexp</name>
         <load_address>0x1b60</load_address>
         <run_address>0x1b60</run_address>
         <size>0x1a0</size>
         <input_file_ref idref="fl-91"/>
      </object_component>
      <object_component id="oc-5d">
         <name>.text</name>
         <load_address>0x1d00</load_address>
         <run_address>0x1d00</run_address>
         <size>0x180</size>
         <input_file_ref idref="fl-4"/>
      </object_component>
      <object_component id="oc-6c">
         <name>.text:__frcmpyd_div</name>
         <load_address>0x1e80</load_address>
         <run_address>0x1e80</run_address>
         <size>0x140</size>
         <input_file_ref idref="fl-8f"/>
      </object_component>
      <object_component id="oc-68">
         <name>.text:_frexp</name>
         <load_address>0x1fc0</load_address>
         <run_address>0x1fc0</run_address>
         <size>0x120</size>
         <input_file_ref idref="fl-90"/>
      </object_component>
      <object_component id="oc-3">
         <name>.text</name>
         <load_address>0x20e0</load_address>
         <run_address>0x20e0</run_address>
         <size>0x100</size>
         <input_file_ref idref="fl-2"/>
      </object_component>
      <object_component id="oc-57">
         <name>.text:__auto_init</name>
         <load_address>0x21e0</load_address>
         <run_address>0x21e0</run_address>
         <size>0x100</size>
         <input_file_ref idref="fl-8a"/>
      </object_component>
      <object_component id="oc-66">
         <name>.text:__nround</name>
         <load_address>0x22e0</load_address>
         <run_address>0x22e0</run_address>
         <size>0xe0</size>
         <input_file_ref idref="fl-87"/>
      </object_component>
      <object_component id="oc-59">
         <name>.text:_exit</name>
         <load_address>0x23c0</load_address>
         <run_address>0x23c0</run_address>
         <size>0xe0</size>
         <input_file_ref idref="fl-84"/>
      </object_component>
      <object_component id="oc-67">
         <name>.text:_modf</name>
         <load_address>0x24a0</load_address>
         <run_address>0x24a0</run_address>
         <size>0xe0</size>
         <input_file_ref idref="fl-85"/>
      </object_component>
      <object_component id="oc-5a">
         <name>.text:_copy_in</name>
         <load_address>0x2580</load_address>
         <run_address>0x2580</run_address>
         <size>0xc0</size>
         <input_file_ref idref="fl-8c"/>
      </object_component>
      <object_component id="oc-6d">
         <name>.text:__mpyll</name>
         <load_address>0x2640</load_address>
         <run_address>0x2640</run_address>
         <size>0xa0</size>
         <input_file_ref idref="fl-94"/>
      </object_component>
      <object_component id="oc-5c">
         <name>.text:___TI_cpp_init</name>
         <load_address>0x26e0</load_address>
         <run_address>0x26e0</run_address>
         <size>0x80</size>
         <input_file_ref idref="fl-8b"/>
      </object_component>
      <object_component id="oc-2">
         <name>.text:_c_int00</name>
         <load_address>0x2760</load_address>
         <run_address>0x2760</run_address>
         <size>0x80</size>
         <input_file_ref idref="fl-81"/>
      </object_component>
      <object_component id="oc-6b">
         <name>.text:__llshru</name>
         <load_address>0x27e0</load_address>
         <run_address>0x27e0</run_address>
         <size>0x60</size>
         <input_file_ref idref="fl-92"/>
      </object_component>
      <object_component id="oc-58">
         <name>.text:__args_main</name>
         <load_address>0x2840</load_address>
         <run_address>0x2840</run_address>
         <size>0x40</size>
         <input_file_ref idref="fl-89"/>
      </object_component>
      <object_component id="oc-65">
         <name>.text:__trunc</name>
         <load_address>0x2880</load_address>
         <run_address>0x2880</run_address>
         <size>0x40</size>
         <input_file_ref idref="fl-88"/>
      </object_component>
      <object_component id="oc-5e">
         <name>.text:_abort</name>
         <load_address>0x28c0</load_address>
         <run_address>0x28c0</run_address>
         <size>0x20</size>
         <input_file_ref idref="fl-84"/>
      </object_component>
      <object_component id="oc-63">
         <name>.const:_IIR_COEFFS</name>
         <load_address>0x46e8</load_address>
         <run_address>0x46e8</run_address>
         <size>0x30</size>
         <input_file_ref idref="fl-3"/>
      </object_component>
      <object_component id="oc-64">
         <name>.const:_IIR_GAINS</name>
         <load_address>0x4718</load_address>
         <run_address>0x4718</run_address>
         <size>0x8</size>
         <input_file_ref idref="fl-3"/>
      </object_component>
      <object_component id="oc-28">
         <name>.cinit</name>
         <load_address>0x44c8</load_address>
         <run_address>0x44c8</run_address>
         <size>0x140</size>
         <input_file_ref idref="fl-86"/>
      </object_component>
      <object_component id="oc-18">
         <name>.cinit</name>
         <load_address>0x4608</load_address>
         <run_address>0x4608</run_address>
         <size>0x48</size>
         <input_file_ref idref="fl-82"/>
      </object_component>
      <object_component id="oc-e">
         <name>.cinit</name>
         <load_address>0x4650</load_address>
         <run_address>0x4650</run_address>
         <size>0x3c</size>
         <input_file_ref idref="fl-4"/>
      </object_component>
      <object_component id="oc-20">
         <name>.cinit</name>
         <load_address>0x4690</load_address>
         <run_address>0x4690</run_address>
         <size>0x2c</size>
         <input_file_ref idref="fl-84"/>
      </object_component>
      <object_component id="oc-8">
         <name>.cinit</name>
         <load_address>0x46c0</load_address>
         <run_address>0x46c0</run_address>
         <size>0xc</size>
         <input_file_ref idref="fl-3"/>
      </object_component>
      <object_component id="oc-42">
         <name>.cinit</name>
         <load_address>0x46d0</load_address>
         <run_address>0x46d0</run_address>
         <size>0xc</size>
         <input_file_ref idref="fl-8e"/>
      </object_component>
      <object_component id="oc-14">
         <name>.stack</name>
         <uninitialized>true</uninitialized>
         <run_address>0x28e0</run_address>
         <size>0x8</size>
         <input_file_ref idref="fl-81"/>
      </object_component>
      <object_component id="oc-91">
         <name>.stack</name>
         <uninitialized>true</uninitialized>
         <run_address>0x28e0</run_address>
         <size>0x0</size>
      </object_component>
      <object_component id="oc-9">
         <name>.far</name>
         <uninitialized>true</uninitialized>
         <run_address>0x44a8</run_address>
         <size>0xc</size>
         <input_file_ref idref="fl-3"/>
      </object_component>
      <object_component id="oc-f">
         <name>.far</name>
         <uninitialized>true</uninitialized>
         <run_address>0x38e0</run_address>
         <size>0xa68</size>
         <input_file_ref idref="fl-4"/>
      </object_component>
      <object_component id="oc-19">
         <name>.far</name>
         <uninitialized>true</uninitialized>
         <run_address>0x4468</run_address>
         <size>0x40</size>
         <input_file_ref idref="fl-82"/>
      </object_component>
      <object_component id="oc-21">
         <name>.far</name>
         <uninitialized>true</uninitialized>
         <run_address>0x44b4</run_address>
         <size>0xc</size>
         <input_file_ref idref="fl-84"/>
      </object_component>
      <object_component id="oc-29">
         <name>.far</name>
         <uninitialized>true</uninitialized>
         <run_address>0x4348</run_address>
         <size>0x120</size>
         <input_file_ref idref="fl-86"/>
      </object_component>
      <object_component id="oc-43">
         <name>.far</name>
         <uninitialized>true</uninitialized>
         <run_address>0x44c0</run_address>
         <size>0x4</size>
         <input_file_ref idref="fl-8e"/>
      </object_component>
      <object_component id="oc-4">
         <name>.debug_info</name>
         <load_address>0x0</load_address>
         <run_address>0x0</run_address>
         <size>0xf7</size>
         <input_file_ref idref="fl-2"/>
      </object_component>
      <object_component id="oc-7">
         <name>.debug_info</name>
         <load_address>0xf7</load_address>
         <run_address>0xf7</run_address>
         <size>0x974</size>
         <input_file_ref idref="fl-3"/>
      </object_component>
      <object_component id="oc-d">
         <name>.debug_info</name>
         <load_address>0xa6b</load_address>
         <run_address>0xa6b</run_address>
         <size>0x882</size>
         <input_file_ref idref="fl-4"/>
      </object_component>
      <object_component id="oc-13">
         <name>.debug_info</name>
         <load_address>0x12ed</load_address>
         <run_address>0x12ed</run_address>
         <size>0x70b</size>
         <input_file_ref idref="fl-81"/>
      </object_component>
      <object_component id="oc-17">
         <name>.debug_info</name>
         <load_address>0x19f8</load_address>
         <run_address>0x19f8</run_address>
         <size>0x717</size>
         <input_file_ref idref="fl-82"/>
      </object_component>
      <object_component id="oc-1c">
         <name>.debug_info</name>
         <load_address>0x210f</load_address>
         <run_address>0x210f</run_address>
         <size>0x8ce</size>
         <input_file_ref idref="fl-83"/>
      </object_component>
      <object_component id="oc-1f">
         <name>.debug_info</name>
         <load_address>0x29dd</load_address>
         <run_address>0x29dd</run_address>
         <size>0x7ff</size>
         <input_file_ref idref="fl-84"/>
      </object_component>
      <object_component id="oc-24">
         <name>.debug_info</name>
         <load_address>0x31dc</load_address>
         <run_address>0x31dc</run_address>
         <size>0x680</size>
         <input_file_ref idref="fl-85"/>
      </object_component>
      <object_component id="oc-27">
         <name>.debug_info</name>
         <load_address>0x385c</load_address>
         <run_address>0x385c</run_address>
         <size>0x8b9</size>
         <input_file_ref idref="fl-86"/>
      </object_component>
      <object_component id="oc-2c">
         <name>.debug_info</name>
         <load_address>0x4115</load_address>
         <run_address>0x4115</run_address>
         <size>0x659</size>
         <input_file_ref idref="fl-87"/>
      </object_component>
      <object_component id="oc-2f">
         <name>.debug_info</name>
         <load_address>0x476e</load_address>
         <run_address>0x476e</run_address>
         <size>0x651</size>
         <input_file_ref idref="fl-88"/>
      </object_component>
      <object_component id="oc-32">
         <name>.debug_info</name>
         <load_address>0x4dbf</load_address>
         <run_address>0x4dbf</run_address>
         <size>0x6e1</size>
         <input_file_ref idref="fl-89"/>
      </object_component>
      <object_component id="oc-35">
         <name>.debug_info</name>
         <load_address>0x54a0</load_address>
         <run_address>0x54a0</run_address>
         <size>0x871</size>
         <input_file_ref idref="fl-8a"/>
      </object_component>
      <object_component id="oc-38">
         <name>.debug_info</name>
         <load_address>0x5d11</load_address>
         <run_address>0x5d11</run_address>
         <size>0x6e9</size>
         <input_file_ref idref="fl-8b"/>
      </object_component>
      <object_component id="oc-3b">
         <name>.debug_info</name>
         <load_address>0x63fa</load_address>
         <run_address>0x63fa</run_address>
         <size>0x7df</size>
         <input_file_ref idref="fl-8c"/>
      </object_component>
      <object_component id="oc-3e">
         <name>.debug_info</name>
         <load_address>0x6bd9</load_address>
         <run_address>0x6bd9</run_address>
         <size>0x982</size>
         <input_file_ref idref="fl-8d"/>
      </object_component>
      <object_component id="oc-41">
         <name>.debug_info</name>
         <load_address>0x755b</load_address>
         <run_address>0x755b</run_address>
         <size>0x5e2</size>
         <input_file_ref idref="fl-8e"/>
      </object_component>
      <object_component id="oc-45">
         <name>.debug_info</name>
         <load_address>0x7b3d</load_address>
         <run_address>0x7b3d</run_address>
         <size>0x6a4</size>
         <input_file_ref idref="fl-8f"/>
      </object_component>
      <object_component id="oc-48">
         <name>.debug_info</name>
         <load_address>0x81e1</load_address>
         <run_address>0x81e1</run_address>
         <size>0x69b</size>
         <input_file_ref idref="fl-90"/>
      </object_component>
      <object_component id="oc-4b">
         <name>.debug_info</name>
         <load_address>0x887c</load_address>
         <run_address>0x887c</run_address>
         <size>0x697</size>
         <input_file_ref idref="fl-91"/>
      </object_component>
      <object_component id="oc-4e">
         <name>.debug_info</name>
         <load_address>0x8f13</load_address>
         <run_address>0x8f13</run_address>
         <size>0x691</size>
         <input_file_ref idref="fl-92"/>
      </object_component>
      <object_component id="oc-51">
         <name>.debug_info</name>
         <load_address>0x95a4</load_address>
         <run_address>0x95a4</run_address>
         <size>0x792</size>
         <input_file_ref idref="fl-93"/>
      </object_component>
      <object_component id="oc-54">
         <name>.debug_info</name>
         <load_address>0x9d36</load_address>
         <run_address>0x9d36</run_address>
         <size>0x6b7</size>
         <input_file_ref idref="fl-94"/>
      </object_component>
      <object_component id="oc-9f">
         <name>.debug_info</name>
         <load_address>0xa3ed</load_address>
         <run_address>0xa3ed</run_address>
         <size>0x6e</size>
      </object_component>
      <object_component id="oc-5">
         <name>.debug_line</name>
         <load_address>0x0</load_address>
         <run_address>0x0</run_address>
         <size>0x90</size>
         <input_file_ref idref="fl-2"/>
      </object_component>
      <object_component id="oc-b">
         <name>.debug_line</name>
         <load_address>0x90</load_address>
         <run_address>0x90</run_address>
         <size>0xa4</size>
         <input_file_ref idref="fl-3"/>
      </object_component>
      <object_component id="oc-11">
         <name>.debug_line</name>
         <load_address>0x134</load_address>
         <run_address>0x134</run_address>
         <size>0x6b</size>
         <input_file_ref idref="fl-4"/>
      </object_component>
      <object_component id="oc-15">
         <name>.debug_line</name>
         <load_address>0x19f</load_address>
         <run_address>0x19f</run_address>
         <size>0x3d</size>
         <input_file_ref idref="fl-81"/>
      </object_component>
      <object_component id="oc-1a">
         <name>.debug_line</name>
         <load_address>0x1dc</load_address>
         <run_address>0x1dc</run_address>
         <size>0x54</size>
         <input_file_ref idref="fl-82"/>
      </object_component>
      <object_component id="oc-1d">
         <name>.debug_line</name>
         <load_address>0x230</load_address>
         <run_address>0x230</run_address>
         <size>0x3c</size>
         <input_file_ref idref="fl-83"/>
      </object_component>
      <object_component id="oc-22">
         <name>.debug_line</name>
         <load_address>0x26c</load_address>
         <run_address>0x26c</run_address>
         <size>0x4f</size>
         <input_file_ref idref="fl-84"/>
      </object_component>
      <object_component id="oc-25">
         <name>.debug_line</name>
         <load_address>0x2bb</load_address>
         <run_address>0x2bb</run_address>
         <size>0x37</size>
         <input_file_ref idref="fl-85"/>
      </object_component>
      <object_component id="oc-2a">
         <name>.debug_line</name>
         <load_address>0x2f2</load_address>
         <run_address>0x2f2</run_address>
         <size>0x5c</size>
         <input_file_ref idref="fl-86"/>
      </object_component>
      <object_component id="oc-2d">
         <name>.debug_line</name>
         <load_address>0x34e</load_address>
         <run_address>0x34e</run_address>
         <size>0x38</size>
         <input_file_ref idref="fl-87"/>
      </object_component>
      <object_component id="oc-30">
         <name>.debug_line</name>
         <load_address>0x386</load_address>
         <run_address>0x386</run_address>
         <size>0x38</size>
         <input_file_ref idref="fl-88"/>
      </object_component>
      <object_component id="oc-33">
         <name>.debug_line</name>
         <load_address>0x3be</load_address>
         <run_address>0x3be</run_address>
         <size>0x41</size>
         <input_file_ref idref="fl-89"/>
      </object_component>
      <object_component id="oc-36">
         <name>.debug_line</name>
         <load_address>0x3ff</load_address>
         <run_address>0x3ff</run_address>
         <size>0x47</size>
         <input_file_ref idref="fl-8a"/>
      </object_component>
      <object_component id="oc-39">
         <name>.debug_line</name>
         <load_address>0x446</load_address>
         <run_address>0x446</run_address>
         <size>0x45</size>
         <input_file_ref idref="fl-8b"/>
      </object_component>
      <object_component id="oc-3c">
         <name>.debug_line</name>
         <load_address>0x48b</load_address>
         <run_address>0x48b</run_address>
         <size>0x44</size>
         <input_file_ref idref="fl-8c"/>
      </object_component>
      <object_component id="oc-3f">
         <name>.debug_line</name>
         <load_address>0x4cf</load_address>
         <run_address>0x4cf</run_address>
         <size>0x3c</size>
         <input_file_ref idref="fl-8d"/>
      </object_component>
      <object_component id="oc-46">
         <name>.debug_line</name>
         <load_address>0x50b</load_address>
         <run_address>0x50b</run_address>
         <size>0x3e</size>
         <input_file_ref idref="fl-8f"/>
      </object_component>
      <object_component id="oc-49">
         <name>.debug_line</name>
         <load_address>0x549</load_address>
         <run_address>0x549</run_address>
         <size>0x38</size>
         <input_file_ref idref="fl-90"/>
      </object_component>
      <object_component id="oc-4c">
         <name>.debug_line</name>
         <load_address>0x581</load_address>
         <run_address>0x581</run_address>
         <size>0x3a</size>
         <input_file_ref idref="fl-91"/>
      </object_component>
      <object_component id="oc-4f">
         <name>.debug_line</name>
         <load_address>0x5bb</load_address>
         <run_address>0x5bb</run_address>
         <size>0x3f</size>
         <input_file_ref idref="fl-92"/>
      </object_component>
      <object_component id="oc-52">
         <name>.debug_line</name>
         <load_address>0x5fa</load_address>
         <run_address>0x5fa</run_address>
         <size>0x4e</size>
         <input_file_ref idref="fl-93"/>
      </object_component>
      <object_component id="oc-55">
         <name>.debug_line</name>
         <load_address>0x648</load_address>
         <run_address>0x648</run_address>
         <size>0x3d</size>
         <input_file_ref idref="fl-94"/>
      </object_component>
      <object_component id="oc-6">
         <name>.debug_abbrev</name>
         <load_address>0x0</load_address>
         <run_address>0x0</run_address>
         <size>0x21</size>
         <input_file_ref idref="fl-2"/>
      </object_component>
      <object_component id="oc-c">
         <name>.debug_abbrev</name>
         <load_address>0x21</load_address>
         <run_address>0x21</run_address>
         <size>0x127</size>
         <input_file_ref idref="fl-3"/>
      </object_component>
      <object_component id="oc-12">
         <name>.debug_abbrev</name>
         <load_address>0x148</load_address>
         <run_address>0x148</run_address>
         <size>0xe6</size>
         <input_file_ref idref="fl-4"/>
      </object_component>
      <object_component id="oc-16">
         <name>.debug_abbrev</name>
         <load_address>0x22e</load_address>
         <run_address>0x22e</run_address>
         <size>0xfe</size>
         <input_file_ref idref="fl-81"/>
      </object_component>
      <object_component id="oc-1b">
         <name>.debug_abbrev</name>
         <load_address>0x32c</load_address>
         <run_address>0x32c</run_address>
         <size>0xcc</size>
         <input_file_ref idref="fl-82"/>
      </object_component>
      <object_component id="oc-1e">
         <name>.debug_abbrev</name>
         <load_address>0x3f8</load_address>
         <run_address>0x3f8</run_address>
         <size>0xe7</size>
         <input_file_ref idref="fl-83"/>
      </object_component>
      <object_component id="oc-23">
         <name>.debug_abbrev</name>
         <load_address>0x4df</load_address>
         <run_address>0x4df</run_address>
         <size>0x119</size>
         <input_file_ref idref="fl-84"/>
      </object_component>
      <object_component id="oc-26">
         <name>.debug_abbrev</name>
         <load_address>0x5f8</load_address>
         <run_address>0x5f8</run_address>
         <size>0xa1</size>
         <input_file_ref idref="fl-85"/>
      </object_component>
      <object_component id="oc-2b">
         <name>.debug_abbrev</name>
         <load_address>0x699</load_address>
         <run_address>0x699</run_address>
         <size>0xdc</size>
         <input_file_ref idref="fl-86"/>
      </object_component>
      <object_component id="oc-2e">
         <name>.debug_abbrev</name>
         <load_address>0x775</load_address>
         <run_address>0x775</run_address>
         <size>0xaf</size>
         <input_file_ref idref="fl-87"/>
      </object_component>
      <object_component id="oc-31">
         <name>.debug_abbrev</name>
         <load_address>0x824</load_address>
         <run_address>0x824</run_address>
         <size>0xaf</size>
         <input_file_ref idref="fl-88"/>
      </object_component>
      <object_component id="oc-34">
         <name>.debug_abbrev</name>
         <load_address>0x8d3</load_address>
         <run_address>0x8d3</run_address>
         <size>0xe1</size>
         <input_file_ref idref="fl-89"/>
      </object_component>
      <object_component id="oc-37">
         <name>.debug_abbrev</name>
         <load_address>0x9b4</load_address>
         <run_address>0x9b4</run_address>
         <size>0x13f</size>
         <input_file_ref idref="fl-8a"/>
      </object_component>
      <object_component id="oc-3a">
         <name>.debug_abbrev</name>
         <load_address>0xaf3</load_address>
         <run_address>0xaf3</run_address>
         <size>0xdd</size>
         <input_file_ref idref="fl-8b"/>
      </object_component>
      <object_component id="oc-3d">
         <name>.debug_abbrev</name>
         <load_address>0xbd0</load_address>
         <run_address>0xbd0</run_address>
         <size>0x10c</size>
         <input_file_ref idref="fl-8c"/>
      </object_component>
      <object_component id="oc-40">
         <name>.debug_abbrev</name>
         <load_address>0xcdc</load_address>
         <run_address>0xcdc</run_address>
         <size>0xf5</size>
         <input_file_ref idref="fl-8d"/>
      </object_component>
      <object_component id="oc-44">
         <name>.debug_abbrev</name>
         <load_address>0xdd1</load_address>
         <run_address>0xdd1</run_address>
         <size>0x44</size>
         <input_file_ref idref="fl-8e"/>
      </object_component>
      <object_component id="oc-47">
         <name>.debug_abbrev</name>
         <load_address>0xe15</load_address>
         <run_address>0xe15</run_address>
         <size>0x9a</size>
         <input_file_ref idref="fl-8f"/>
      </object_component>
      <object_component id="oc-4a">
         <name>.debug_abbrev</name>
         <load_address>0xeaf</load_address>
         <run_address>0xeaf</run_address>
         <size>0xb1</size>
         <input_file_ref idref="fl-90"/>
      </object_component>
      <object_component id="oc-4d">
         <name>.debug_abbrev</name>
         <load_address>0xf60</load_address>
         <run_address>0xf60</run_address>
         <size>0xa8</size>
         <input_file_ref idref="fl-91"/>
      </object_component>
      <object_component id="oc-50">
         <name>.debug_abbrev</name>
         <load_address>0x1008</load_address>
         <run_address>0x1008</run_address>
         <size>0xa3</size>
         <input_file_ref idref="fl-92"/>
      </object_component>
      <object_component id="oc-53">
         <name>.debug_abbrev</name>
         <load_address>0x10ab</load_address>
         <run_address>0x10ab</run_address>
         <size>0xd5</size>
         <input_file_ref idref="fl-93"/>
      </object_component>
      <object_component id="oc-56">
         <name>.debug_abbrev</name>
         <load_address>0x1180</load_address>
         <run_address>0x1180</run_address>
         <size>0xa3</size>
         <input_file_ref idref="fl-94"/>
      </object_component>
      <object_component id="oc-a0">
         <name>.debug_abbrev</name>
         <load_address>0x1223</load_address>
         <run_address>0x1223</run_address>
         <size>0xd</size>
      </object_component>
      <object_component id="oc-a">
         <name>.debug_frame</name>
         <load_address>0x0</load_address>
         <run_address>0x0</run_address>
         <size>0x297</size>
         <input_file_ref idref="fl-3"/>
      </object_component>
      <object_component id="oc-10">
         <name>.debug_frame</name>
         <load_address>0x297</load_address>
         <run_address>0x297</run_address>
         <size>0x260</size>
         <input_file_ref idref="fl-4"/>
      </object_component>
   </object_component_list>
   <logical_group_list>
      <logical_group id="lg-6e">
         <name>.text</name>
         <load_address>0x20</load_address>
         <run_address>0x20</run_address>
         <size>0x28c0</size>
         <contents>
            <object_component_ref idref="oc-62"/>
            <object_component_ref idref="oc-6a"/>
            <object_component_ref idref="oc-61"/>
            <object_component_ref idref="oc-60"/>
            <object_component_ref idref="oc-5f"/>
            <object_component_ref idref="oc-5b"/>
            <object_component_ref idref="oc-69"/>
            <object_component_ref idref="oc-5d"/>
            <object_component_ref idref="oc-6c"/>
            <object_component_ref idref="oc-68"/>
            <object_component_ref idref="oc-3"/>
            <object_component_ref idref="oc-57"/>
            <object_component_ref idref="oc-66"/>
            <object_component_ref idref="oc-59"/>
            <object_component_ref idref="oc-67"/>
            <object_component_ref idref="oc-5a"/>
            <object_component_ref idref="oc-6d"/>
            <object_component_ref idref="oc-5c"/>
            <object_component_ref idref="oc-2"/>
            <object_component_ref idref="oc-6b"/>
            <object_component_ref idref="oc-58"/>
            <object_component_ref idref="oc-65"/>
            <object_component_ref idref="oc-5e"/>
         </contents>
      </logical_group>
      <logical_group id="lg-6f">
         <name>.const</name>
         <load_address>0x46e8</load_address>
         <run_address>0x46e8</run_address>
         <size>0x38</size>
         <contents>
            <object_component_ref idref="oc-63"/>
            <object_component_ref idref="oc-64"/>
         </contents>
      </logical_group>
      <logical_group id="lg-70">
         <name>.data</name>
         <run_address>0x8</run_address>
         <size>0x0</size>
         <contents>
         </contents>
      </logical_group>
      <logical_group id="lg-71">
         <name>.bss</name>
         <run_address>0x8</run_address>
         <size>0x0</size>
         <contents>
         </contents>
      </logical_group>
      <logical_group id="lg-72">
         <name>.cinit</name>
         <load_address>0x44c8</load_address>
         <run_address>0x44c8</run_address>
         <size>0x21c</size>
         <contents>
            <object_component_ref idref="oc-28"/>
            <object_component_ref idref="oc-18"/>
            <object_component_ref idref="oc-e"/>
            <object_component_ref idref="oc-20"/>
            <object_component_ref idref="oc-8"/>
            <object_component_ref idref="oc-42"/>
         </contents>
      </logical_group>
      <logical_group id="lg-73">
         <name>.pinit</name>
         <run_address>0x0</run_address>
         <size>0x0</size>
         <contents>
         </contents>
      </logical_group>
      <logical_group id="lg-74">
         <name>.stack</name>
         <run_address>0x28e0</run_address>
         <size>0x1000</size>
         <contents>
            <object_component_ref idref="oc-14"/>
            <object_component_ref idref="oc-91"/>
         </contents>
      </logical_group>
      <logical_group id="lg-75">
         <name>.sysmem</name>
         <run_address>0x0</run_address>
         <size>0x0</size>
         <contents>
         </contents>
      </logical_group>
      <logical_group id="lg-76">
         <name>.far</name>
         <run_address>0x38e0</run_address>
         <size>0xbe4</size>
         <contents>
            <object_component_ref idref="oc-9"/>
            <object_component_ref idref="oc-f"/>
            <object_component_ref idref="oc-19"/>
            <object_component_ref idref="oc-21"/>
            <object_component_ref idref="oc-29"/>
            <object_component_ref idref="oc-43"/>
         </contents>
      </logical_group>
      <logical_group id="lg-77">
         <name>.switch</name>
         <run_address>0x0</run_address>
         <size>0x0</size>
         <contents>
         </contents>
      </logical_group>
      <logical_group id="lg-78">
         <name>.cio</name>
         <run_address>0x0</run_address>
         <size>0x0</size>
         <contents>
         </contents>
      </logical_group>
      <logical_group id="lg-79">
         <name>.ppinfo</name>
         <run_address>0x0</run_address>
         <size>0x0</size>
         <contents>
         </contents>
      </logical_group>
      <logical_group id="lg-7a">
         <name>.ppdata</name>
         <run_address>0x0</run_address>
         <size>0x0</size>
         <contents>
         </contents>
      </logical_group>
      <logical_group id="lg-88">
         <name>.debug_info</name>
         <load_address>0x0</load_address>
         <run_address>0x0</run_address>
         <size>0xa45b</size>
         <contents>
            <object_component_ref idref="oc-4"/>
            <object_component_ref idref="oc-7"/>
            <object_component_ref idref="oc-d"/>
            <object_component_ref idref="oc-13"/>
            <object_component_ref idref="oc-17"/>
            <object_component_ref idref="oc-1c"/>
            <object_component_ref idref="oc-1f"/>
            <object_component_ref idref="oc-24"/>
            <object_component_ref idref="oc-27"/>
            <object_component_ref idref="oc-2c"/>
            <object_component_ref idref="oc-2f"/>
            <object_component_ref idref="oc-32"/>
            <object_component_ref idref="oc-35"/>
            <object_component_ref idref="oc-38"/>
            <object_component_ref idref="oc-3b"/>
            <object_component_ref idref="oc-3e"/>
            <object_component_ref idref="oc-41"/>
            <object_component_ref idref="oc-45"/>
            <object_component_ref idref="oc-48"/>
            <object_component_ref idref="oc-4b"/>
            <object_component_ref idref="oc-4e"/>
            <object_component_ref idref="oc-51"/>
            <object_component_ref idref="oc-54"/>
            <object_component_ref idref="oc-9f"/>
         </contents>
      </logical_group>
      <logical_group id="lg-8a">
         <name>.debug_line</name>
         <load_address>0x0</load_address>
         <run_address>0x0</run_address>
         <size>0x685</size>
         <contents>
            <object_component_ref idref="oc-5"/>
            <object_component_ref idref="oc-b"/>
            <object_component_ref idref="oc-11"/>
            <object_component_ref idref="oc-15"/>
            <object_component_ref idref="oc-1a"/>
            <object_component_ref idref="oc-1d"/>
            <object_component_ref idref="oc-22"/>
            <object_component_ref idref="oc-25"/>
            <object_component_ref idref="oc-2a"/>
            <object_component_ref idref="oc-2d"/>
            <object_component_ref idref="oc-30"/>
            <object_component_ref idref="oc-33"/>
            <object_component_ref idref="oc-36"/>
            <object_component_ref idref="oc-39"/>
            <object_component_ref idref="oc-3c"/>
            <object_component_ref idref="oc-3f"/>
            <object_component_ref idref="oc-46"/>
            <object_component_ref idref="oc-49"/>
            <object_component_ref idref="oc-4c"/>
            <object_component_ref idref="oc-4f"/>
            <object_component_ref idref="oc-52"/>
            <object_component_ref idref="oc-55"/>
         </contents>
      </logical_group>
      <logical_group id="lg-8c">
         <name>.debug_abbrev</name>
         <load_address>0x0</load_address>
         <run_address>0x0</run_address>
         <size>0x1230</size>
         <contents>
            <object_component_ref idref="oc-6"/>
            <object_component_ref idref="oc-c"/>
            <object_component_ref idref="oc-12"/>
            <object_component_ref idref="oc-16"/>
            <object_component_ref idref="oc-1b"/>
            <object_component_ref idref="oc-1e"/>
            <object_component_ref idref="oc-23"/>
            <object_component_ref idref="oc-26"/>
            <object_component_ref idref="oc-2b"/>
            <object_component_ref idref="oc-2e"/>
            <object_component_ref idref="oc-31"/>
            <object_component_ref idref="oc-34"/>
            <object_component_ref idref="oc-37"/>
            <object_component_ref idref="oc-3a"/>
            <object_component_ref idref="oc-3d"/>
            <object_component_ref idref="oc-40"/>
            <object_component_ref idref="oc-44"/>
            <object_component_ref idref="oc-47"/>
            <object_component_ref idref="oc-4a"/>
            <object_component_ref idref="oc-4d"/>
            <object_component_ref idref="oc-50"/>
            <object_component_ref idref="oc-53"/>
            <object_component_ref idref="oc-56"/>
            <object_component_ref idref="oc-a0"/>
         </contents>
      </logical_group>
      <logical_group id="lg-8e">
         <name>.debug_frame</name>
         <load_address>0x0</load_address>
         <run_address>0x0</run_address>
         <size>0x4f7</size>
         <contents>
            <object_component_ref idref="oc-a"/>
            <object_component_ref idref="oc-10"/>
         </contents>
      </logical_group>
   </logical_group_list>
   <placement_map>
      <memory_area>
         <name>RAM</name>
         <page_id>0x0</page_id>
         <origin>0x1</origin>
         <length>0xfffffffe</length>
         <used_space>0x46f8</used_space>
         <unused_space>0xffffb906</unused_space>
         <attributes>RWIX</attributes>
         <usage_details>
            <available_space>
               <start_address>0x1</start_address>
               <size>0x7</size>
            </available_space>
            <allocated_space>
               <start_address>0x8</start_address>
               <size>0x0</size>
               <logical_group_ref idref="lg-71"/>
            </allocated_space>
            <allocated_space>
               <start_address>0x8</start_address>
               <size>0x0</size>
               <logical_group_ref idref="lg-70"/>
            </allocated_space>
            <available_space>
               <start_address>0x8</start_address>
               <size>0x18</size>
            </available_space>
            <allocated_space>
               <start_address>0x20</start_address>
               <size>0x28c0</size>
               <logical_group_ref idref="lg-6e"/>
            </allocated_space>
            <allocated_space>
               <start_address>0x28e0</start_address>
               <size>0x1000</size>
               <logical_group_ref idref="lg-74"/>
            </allocated_space>
            <allocated_space>
               <start_address>0x38e0</start_address>
               <size>0xbe4</size>
               <logical_group_ref idref="lg-76"/>
            </allocated_space>
            <available_space>
               <start_address>0x44c4</start_address>
               <size>0x4</size>
            </available_space>
            <allocated_space>
               <start_address>0x44c8</start_address>
               <size>0x21c</size>
               <logical_group_ref idref="lg-72"/>
            </allocated_space>
            <available_space>
               <start_address>0x46e4</start_address>
               <size>0x4</size>
            </available_space>
            <allocated_space>
               <start_address>0x46e8</start_address>
               <size>0x38</size>
               <logical_group_ref idref="lg-6f"/>
            </allocated_space>
            <available_space>
               <start_address>0x4720</start_address>
               <size>0xffffb8df</size>
            </available_space>
         </usage_details>
      </memory_area>
   </placement_map>
   <symbol_table>
      <symbol id="sm-0">
         <name>cinit</name>
         <value>0x44c8</value>
      </symbol>
      <symbol id="sm-1">
         <name>___cinit__</name>
         <value>0x44c8</value>
      </symbol>
      <symbol id="sm-2">
         <name>pinit</name>
         <value>0xffffffff</value>
      </symbol>
      <symbol id="sm-3">
         <name>___pinit__</name>
         <value>0xffffffff</value>
      </symbol>
      <symbol id="sm-4">
         <name>binit</name>
         <value>0xffffffff</value>
      </symbol>
      <symbol id="sm-5">
         <name>___binit__</name>
         <value>0xffffffff</value>
      </symbol>
      <symbol id="sm-6">
         <name>__STACK_SIZE</name>
         <value>0x1000</value>
      </symbol>
      <symbol id="sm-7">
         <name>__STACK_END</name>
         <value>0x38e0</value>
      </symbol>
      <symbol id="sm-8">
         <name>___c_args__</name>
         <value>0xffffffff</value>
      </symbol>
      <symbol id="sm-9">
         <name>.text</name>
         <value>0x20</value>
      </symbol>
      <symbol id="sm-a">
         <name>___text__</name>
         <value>0x20</value>
      </symbol>
      <symbol id="sm-b">
         <name>etext</name>
         <value>0x28e0</value>
      </symbol>
      <symbol id="sm-c">
         <name>___etext__</name>
         <value>0x28e0</value>
      </symbol>
      <symbol id="sm-d">
         <name>.data</name>
         <value>0x8</value>
      </symbol>
      <symbol id="sm-e">
         <name>___data__</name>
         <value>0x8</value>
      </symbol>
      <symbol id="sm-f">
         <name>edata</name>
         <value>0x8</value>
      </symbol>
      <symbol id="sm-10">
         <name>___edata__</name>
         <value>0x8</value>
      </symbol>
      <symbol id="sm-11">
         <name>.bss</name>
         <value>0x8</value>
      </symbol>
      <symbol id="sm-12">
         <name>___bss__</name>
         <value>0x8</value>
      </symbol>
      <symbol id="sm-13">
         <name>end</name>
         <value>0x8</value>
      </symbol>
      <symbol id="sm-14">
         <name>___end__</name>
         <value>0x8</value>
      </symbol>
      <symbol id="sm-15">
         <name>___TI_pprof_out_hndl</name>
         <value>0xffffffff</value>
      </symbol>
      <symbol id="sm-16">
         <name>___TI_prof_data_start</name>
         <value>0xffffffff</value>
      </symbol>
      <symbol id="sm-17">
         <name>___TI_prof_data_size</name>
         <value>0xffffffff</value>
      </symbol>
      <symbol id="sm-18">
         <name>$bss</name>
         <value>0x8</value>
      </symbol>
      <symbol id="sm-42">
         <name>_IIR_2ndOrder_directII_ASM</name>
         <value>0x20e0</value>
         <object_component_ref idref="oc-3"/>
      </symbol>
      <symbol id="sm-67">
         <name>_init_w</name>
         <value>0x170c</value>
         <object_component_ref idref="oc-5f"/>
      </symbol>
      <symbol id="sm-68">
         <name>_IIR_W</name>
         <value>0x44a8</value>
         <object_component_ref idref="oc-9"/>
      </symbol>
      <symbol id="sm-69">
         <name>_FPB_700</name>
         <value>0x1680</value>
         <object_component_ref idref="oc-5f"/>
      </symbol>
      <symbol id="sm-6a">
         <name>_IIR_GAINS</name>
         <value>0x4718</value>
         <object_component_ref idref="oc-64"/>
      </symbol>
      <symbol id="sm-6b">
         <name>_IIR_COEFFS</name>
         <value>0x46e8</value>
         <object_component_ref idref="oc-63"/>
      </symbol>
      <symbol id="sm-6c">
         <name>_sat_16bits</name>
         <value>0x17a0</value>
         <object_component_ref idref="oc-5f"/>
      </symbol>
      <symbol id="sm-87">
         <name>_main</name>
         <value>0x1d00</value>
         <object_component_ref idref="oc-5d"/>
      </symbol>
      <symbol id="sm-88">
         <name>_PI</name>
         <value>0x4344</value>
         <object_component_ref idref="oc-f"/>
      </symbol>
      <symbol id="sm-89">
         <name>_nb_ech</name>
         <value>0x38e8</value>
         <object_component_ref idref="oc-f"/>
      </symbol>
      <symbol id="sm-8a">
         <name>_Fs</name>
         <value>0x38e0</value>
         <object_component_ref idref="oc-f"/>
      </symbol>
      <symbol id="sm-8b">
         <name>_F1</name>
         <value>0x38e4</value>
         <object_component_ref idref="oc-f"/>
      </symbol>
      <symbol id="sm-8c">
         <name>_echFiltrer</name>
         <value>0x38ec</value>
         <object_component_ref idref="oc-f"/>
      </symbol>
      <symbol id="sm-8d">
         <name>_TableCos1</name>
         <value>0x3fd0</value>
         <object_component_ref idref="oc-f"/>
      </symbol>
      <symbol id="sm-99">
         <name>_c_int00</name>
         <value>0x2760</value>
         <object_component_ref idref="oc-2"/>
      </symbol>
      <symbol id="sm-9a">
         <name>__stack</name>
         <value>0x28e0</value>
         <object_component_ref idref="oc-14"/>
      </symbol>
      <symbol id="sm-a8">
         <name>_cos</name>
         <value>0x1040</value>
         <object_component_ref idref="oc-61"/>
      </symbol>
      <symbol id="sm-b2">
         <name>__divf</name>
         <value>0x1380</value>
         <object_component_ref idref="oc-60"/>
      </symbol>
      <symbol id="sm-c2">
         <name>C$$EXIT</name>
         <value>0x28c0</value>
         <object_component_ref idref="oc-5e"/>
      </symbol>
      <symbol id="sm-c3">
         <name>_exit</name>
         <value>0x23c0</value>
         <object_component_ref idref="oc-59"/>
      </symbol>
      <symbol id="sm-c4">
         <name>___TI_enable_exit_profile_output</name>
         <value>0x44bc</value>
         <object_component_ref idref="oc-21"/>
      </symbol>
      <symbol id="sm-c5">
         <name>_abort</name>
         <value>0x28c0</value>
         <object_component_ref idref="oc-5e"/>
      </symbol>
      <symbol id="sm-c6">
         <name>__cleanup_ptr</name>
         <value>0x44b4</value>
         <object_component_ref idref="oc-21"/>
      </symbol>
      <symbol id="sm-c7">
         <name>__dtors_ptr</name>
         <value>0x44b8</value>
         <object_component_ref idref="oc-21"/>
      </symbol>
      <symbol id="sm-d1">
         <name>_modf</name>
         <value>0x24a0</value>
         <object_component_ref idref="oc-67"/>
      </symbol>
      <symbol id="sm-df">
         <name>_pow</name>
         <value>0x20</value>
         <object_component_ref idref="oc-62"/>
      </symbol>
      <symbol id="sm-e9">
         <name>__nround</name>
         <value>0x22e0</value>
         <object_component_ref idref="oc-66"/>
      </symbol>
      <symbol id="sm-f3">
         <name>__trunc</name>
         <value>0x2880</value>
         <object_component_ref idref="oc-65"/>
      </symbol>
      <symbol id="sm-fd">
         <name>__args_main</name>
         <value>0x2840</value>
         <object_component_ref idref="oc-58"/>
      </symbol>
      <symbol id="sm-fe">
         <name>__TI_args_main</name>
         <value>0x1</value>
      </symbol>
      <symbol id="sm-108">
         <name>__auto_init</name>
         <value>0x21e0</value>
         <object_component_ref idref="oc-57"/>
      </symbol>
      <symbol id="sm-112">
         <name>___TI_cpp_init</name>
         <value>0x26e0</value>
         <object_component_ref idref="oc-5c"/>
      </symbol>
      <symbol id="sm-11c">
         <name>_copy_in</name>
         <value>0x2580</value>
         <object_component_ref idref="oc-5a"/>
      </symbol>
      <symbol id="sm-126">
         <name>__divd</name>
         <value>0x920</value>
         <object_component_ref idref="oc-6a"/>
      </symbol>
      <symbol id="sm-130">
         <name>_errno</name>
         <value>0x44c0</value>
         <object_component_ref idref="oc-43"/>
      </symbol>
      <symbol id="sm-13a">
         <name>__frcmpyd_div</name>
         <value>0x1e80</value>
         <object_component_ref idref="oc-6c"/>
      </symbol>
      <symbol id="sm-144">
         <name>_frexp</name>
         <value>0x1fc0</value>
         <object_component_ref idref="oc-68"/>
      </symbol>
      <symbol id="sm-14e">
         <name>_ldexp</name>
         <value>0x1b60</value>
         <object_component_ref idref="oc-69"/>
      </symbol>
      <symbol id="sm-158">
         <name>__llshru</name>
         <value>0x27e0</value>
         <object_component_ref idref="oc-6b"/>
      </symbol>
      <symbol id="sm-162">
         <name>_memcpy</name>
         <value>0x1920</value>
         <object_component_ref idref="oc-5b"/>
      </symbol>
      <symbol id="sm-16c">
         <name>__mpyll</name>
         <value>0x2640</value>
         <object_component_ref idref="oc-6d"/>
      </symbol>
   </symbol_table>
</link_info>
