<?xml version="1.0"?>
<link_info>
   <banner>TMS320C6x Linker PC v7.4.20</banner>
   <copyright>Copyright (c) 1996-2015 Texas Instruments Incorporated</copyright>
   <link_time>0x5ac29994</link_time>
   <output_file>Projet_APP.out</output_file>
   <entry_point>
      <name>_c_int00</name>
      <address>0x2da0</address>
   </entry_point>
   <input_file_list>
      <input_file id="fl-2">
         <path>.\Source\C\</path>
         <kind>object</kind>
         <file>IIR_2ndOrder_directII.obj</file>
         <name>IIR_2ndOrder_directII.obj</name>
      </input_file>
      <input_file id="fl-3">
         <path>.\Source\C\</path>
         <kind>object</kind>
         <file>IIR_2ndOrder_directII_ASM.obj</file>
         <name>IIR_2ndOrder_directII_ASM.obj</name>
      </input_file>
      <input_file id="fl-4">
         <path>.\Source\C\</path>
         <kind>object</kind>
         <file>filter.obj</file>
         <name>filter.obj</name>
      </input_file>
      <input_file id="fl-5">
         <path>.\Source\C\</path>
         <kind>object</kind>
         <file>main_accordeur.obj</file>
         <name>main_accordeur.obj</name>
      </input_file>
      <input_file id="fl-82">
         <path>C:\ti\ccsv7\tools\compiler\c6000_7.4.20\lib\</path>
         <kind>archive</kind>
         <file>rts6700.lib</file>
         <name>boot.obj</name>
      </input_file>
      <input_file id="fl-83">
         <path>C:\ti\ccsv7\tools\compiler\c6000_7.4.20\lib\</path>
         <kind>archive</kind>
         <file>rts6700.lib</file>
         <name>cos.obj</name>
      </input_file>
      <input_file id="fl-84">
         <path>C:\ti\ccsv7\tools\compiler\c6000_7.4.20\lib\</path>
         <kind>archive</kind>
         <file>rts6700.lib</file>
         <name>divd.obj</name>
      </input_file>
      <input_file id="fl-85">
         <path>C:\ti\ccsv7\tools\compiler\c6000_7.4.20\lib\</path>
         <kind>archive</kind>
         <file>rts6700.lib</file>
         <name>divf.obj</name>
      </input_file>
      <input_file id="fl-86">
         <path>C:\ti\ccsv7\tools\compiler\c6000_7.4.20\lib\</path>
         <kind>archive</kind>
         <file>rts6700.lib</file>
         <name>exit.obj</name>
      </input_file>
      <input_file id="fl-87">
         <path>C:\ti\ccsv7\tools\compiler\c6000_7.4.20\lib\</path>
         <kind>archive</kind>
         <file>rts6700.lib</file>
         <name>frcmpyd_div.obj</name>
      </input_file>
      <input_file id="fl-88">
         <path>C:\ti\ccsv7\tools\compiler\c6000_7.4.20\lib\</path>
         <kind>archive</kind>
         <file>rts6700.lib</file>
         <name>llshift.obj</name>
      </input_file>
      <input_file id="fl-89">
         <path>C:\ti\ccsv7\tools\compiler\c6000_7.4.20\lib\</path>
         <kind>archive</kind>
         <file>rts6700.lib</file>
         <name>modf.obj</name>
      </input_file>
      <input_file id="fl-8a">
         <path>C:\ti\ccsv7\tools\compiler\c6000_7.4.20\lib\</path>
         <kind>archive</kind>
         <file>rts6700.lib</file>
         <name>mpyll.obj</name>
      </input_file>
      <input_file id="fl-8b">
         <path>C:\ti\ccsv7\tools\compiler\c6000_7.4.20\lib\</path>
         <kind>archive</kind>
         <file>rts6700.lib</file>
         <name>pow.obj</name>
      </input_file>
      <input_file id="fl-8c">
         <path>C:\ti\ccsv7\tools\compiler\c6000_7.4.20\lib\</path>
         <kind>archive</kind>
         <file>rts6700.lib</file>
         <name>round.obj</name>
      </input_file>
      <input_file id="fl-8d">
         <path>C:\ti\ccsv7\tools\compiler\c6000_7.4.20\lib\</path>
         <kind>archive</kind>
         <file>rts6700.lib</file>
         <name>trunc.obj</name>
      </input_file>
      <input_file id="fl-8e">
         <path>C:\ti\ccsv7\tools\compiler\c6000_7.4.20\lib\</path>
         <kind>archive</kind>
         <file>rts6700.lib</file>
         <name>args_main.obj</name>
      </input_file>
      <input_file id="fl-8f">
         <path>C:\ti\ccsv7\tools\compiler\c6000_7.4.20\lib\</path>
         <kind>archive</kind>
         <file>rts6700.lib</file>
         <name>autoinit.obj</name>
      </input_file>
      <input_file id="fl-90">
         <path>C:\ti\ccsv7\tools\compiler\c6000_7.4.20\lib\</path>
         <kind>archive</kind>
         <file>rts6700.lib</file>
         <name>cpp_init.obj</name>
      </input_file>
      <input_file id="fl-91">
         <path>C:\ti\ccsv7\tools\compiler\c6000_7.4.20\lib\</path>
         <kind>archive</kind>
         <file>rts6700.lib</file>
         <name>cpy_tbl.obj</name>
      </input_file>
      <input_file id="fl-92">
         <path>C:\ti\ccsv7\tools\compiler\c6000_7.4.20\lib\</path>
         <kind>archive</kind>
         <file>rts6700.lib</file>
         <name>errno.obj</name>
      </input_file>
      <input_file id="fl-93">
         <path>C:\ti\ccsv7\tools\compiler\c6000_7.4.20\lib\</path>
         <kind>archive</kind>
         <file>rts6700.lib</file>
         <name>frexp.obj</name>
      </input_file>
      <input_file id="fl-94">
         <path>C:\ti\ccsv7\tools\compiler\c6000_7.4.20\lib\</path>
         <kind>archive</kind>
         <file>rts6700.lib</file>
         <name>ldexp.obj</name>
      </input_file>
      <input_file id="fl-95">
         <path>C:\ti\ccsv7\tools\compiler\c6000_7.4.20\lib\</path>
         <kind>archive</kind>
         <file>rts6700.lib</file>
         <name>memcpy62.obj</name>
      </input_file>
   </input_file_list>
   <object_component_list>
      <object_component id="oc-66">
         <name>.text:_pow</name>
         <load_address>0x20</load_address>
         <run_address>0x20</run_address>
         <size>0x900</size>
         <input_file_ref idref="fl-8b"/>
      </object_component>
      <object_component id="oc-67">
         <name>.text:__divd</name>
         <load_address>0x920</load_address>
         <run_address>0x920</run_address>
         <size>0x720</size>
         <input_file_ref idref="fl-84"/>
      </object_component>
      <object_component id="oc-68">
         <name>.text</name>
         <load_address>0x1040</load_address>
         <run_address>0x1040</run_address>
         <size>0x440</size>
         <input_file_ref idref="fl-2"/>
      </object_component>
      <object_component id="oc-63">
         <name>.text</name>
         <load_address>0x1480</load_address>
         <run_address>0x1480</run_address>
         <size>0x440</size>
         <input_file_ref idref="fl-4"/>
      </object_component>
      <object_component id="oc-65">
         <name>.text:_cos</name>
         <load_address>0x18c0</load_address>
         <run_address>0x18c0</run_address>
         <size>0x340</size>
         <input_file_ref idref="fl-83"/>
      </object_component>
      <object_component id="oc-64">
         <name>.text:__divf</name>
         <load_address>0x1c00</load_address>
         <run_address>0x1c00</run_address>
         <size>0x300</size>
         <input_file_ref idref="fl-85"/>
      </object_component>
      <object_component id="oc-5f">
         <name>.text:_memcpy</name>
         <load_address>0x1f00</load_address>
         <run_address>0x1f00</run_address>
         <size>0x240</size>
         <input_file_ref idref="fl-95"/>
      </object_component>
      <object_component id="oc-61">
         <name>.text</name>
         <load_address>0x2140</load_address>
         <run_address>0x2140</run_address>
         <size>0x1c0</size>
         <input_file_ref idref="fl-5"/>
      </object_component>
      <object_component id="oc-6f">
         <name>.text:_ldexp</name>
         <load_address>0x2300</load_address>
         <run_address>0x2300</run_address>
         <size>0x1a0</size>
         <input_file_ref idref="fl-94"/>
      </object_component>
      <object_component id="oc-71">
         <name>.text:__frcmpyd_div</name>
         <load_address>0x24a0</load_address>
         <run_address>0x24a0</run_address>
         <size>0x140</size>
         <input_file_ref idref="fl-87"/>
      </object_component>
      <object_component id="oc-7">
         <name>.text</name>
         <load_address>0x25e0</load_address>
         <run_address>0x25e0</run_address>
         <size>0x120</size>
         <input_file_ref idref="fl-3"/>
      </object_component>
      <object_component id="oc-6e">
         <name>.text:_frexp</name>
         <load_address>0x2700</load_address>
         <run_address>0x2700</run_address>
         <size>0x120</size>
         <input_file_ref idref="fl-93"/>
      </object_component>
      <object_component id="oc-5b">
         <name>.text:__auto_init</name>
         <load_address>0x2820</load_address>
         <run_address>0x2820</run_address>
         <size>0x100</size>
         <input_file_ref idref="fl-8f"/>
      </object_component>
      <object_component id="oc-6c">
         <name>.text:__nround</name>
         <load_address>0x2920</load_address>
         <run_address>0x2920</run_address>
         <size>0xe0</size>
         <input_file_ref idref="fl-8c"/>
      </object_component>
      <object_component id="oc-5d">
         <name>.text:_exit</name>
         <load_address>0x2a00</load_address>
         <run_address>0x2a00</run_address>
         <size>0xe0</size>
         <input_file_ref idref="fl-86"/>
      </object_component>
      <object_component id="oc-6d">
         <name>.text:_modf</name>
         <load_address>0x2ae0</load_address>
         <run_address>0x2ae0</run_address>
         <size>0xe0</size>
         <input_file_ref idref="fl-89"/>
      </object_component>
      <object_component id="oc-5e">
         <name>.text:_copy_in</name>
         <load_address>0x2bc0</load_address>
         <run_address>0x2bc0</run_address>
         <size>0xc0</size>
         <input_file_ref idref="fl-91"/>
      </object_component>
      <object_component id="oc-72">
         <name>.text:__mpyll</name>
         <load_address>0x2c80</load_address>
         <run_address>0x2c80</run_address>
         <size>0xa0</size>
         <input_file_ref idref="fl-8a"/>
      </object_component>
      <object_component id="oc-60">
         <name>.text:___TI_cpp_init</name>
         <load_address>0x2d20</load_address>
         <run_address>0x2d20</run_address>
         <size>0x80</size>
         <input_file_ref idref="fl-90"/>
      </object_component>
      <object_component id="oc-2">
         <name>.text:_c_int00</name>
         <load_address>0x2da0</load_address>
         <run_address>0x2da0</run_address>
         <size>0x80</size>
         <input_file_ref idref="fl-82"/>
      </object_component>
      <object_component id="oc-70">
         <name>.text:__llshru</name>
         <load_address>0x2e20</load_address>
         <run_address>0x2e20</run_address>
         <size>0x60</size>
         <input_file_ref idref="fl-88"/>
      </object_component>
      <object_component id="oc-5c">
         <name>.text:__args_main</name>
         <load_address>0x2e80</load_address>
         <run_address>0x2e80</run_address>
         <size>0x40</size>
         <input_file_ref idref="fl-8e"/>
      </object_component>
      <object_component id="oc-6b">
         <name>.text:__trunc</name>
         <load_address>0x2ec0</load_address>
         <run_address>0x2ec0</run_address>
         <size>0x40</size>
         <input_file_ref idref="fl-8d"/>
      </object_component>
      <object_component id="oc-62">
         <name>.text:_abort</name>
         <load_address>0x2f00</load_address>
         <run_address>0x2f00</run_address>
         <size>0x20</size>
         <input_file_ref idref="fl-86"/>
      </object_component>
      <object_component id="oc-69">
         <name>.const:_IIR_COEFFS</name>
         <load_address>0x6540</load_address>
         <run_address>0x6540</run_address>
         <size>0x30</size>
         <input_file_ref idref="fl-4"/>
      </object_component>
      <object_component id="oc-6a">
         <name>.const:_IIR_GAINS</name>
         <load_address>0x6570</load_address>
         <run_address>0x6570</run_address>
         <size>0x8</size>
         <input_file_ref idref="fl-4"/>
      </object_component>
      <object_component id="oc-38">
         <name>.cinit</name>
         <load_address>0x6320</load_address>
         <run_address>0x6320</run_address>
         <size>0x140</size>
         <input_file_ref idref="fl-8b"/>
      </object_component>
      <object_component id="oc-1c">
         <name>.cinit</name>
         <load_address>0x6460</load_address>
         <run_address>0x6460</run_address>
         <size>0x48</size>
         <input_file_ref idref="fl-83"/>
      </object_component>
      <object_component id="oc-12">
         <name>.cinit</name>
         <load_address>0x64a8</load_address>
         <run_address>0x64a8</run_address>
         <size>0x3c</size>
         <input_file_ref idref="fl-5"/>
      </object_component>
      <object_component id="oc-27">
         <name>.cinit</name>
         <load_address>0x64e8</load_address>
         <run_address>0x64e8</run_address>
         <size>0x2c</size>
         <input_file_ref idref="fl-86"/>
      </object_component>
      <object_component id="oc-c">
         <name>.cinit</name>
         <load_address>0x6518</load_address>
         <run_address>0x6518</run_address>
         <size>0xc</size>
         <input_file_ref idref="fl-4"/>
      </object_component>
      <object_component id="oc-4f">
         <name>.cinit</name>
         <load_address>0x6528</load_address>
         <run_address>0x6528</run_address>
         <size>0xc</size>
         <input_file_ref idref="fl-92"/>
      </object_component>
      <object_component id="oc-18">
         <name>.stack</name>
         <uninitialized>true</uninitialized>
         <run_address>0x5320</run_address>
         <size>0x8</size>
         <input_file_ref idref="fl-82"/>
      </object_component>
      <object_component id="oc-96">
         <name>.stack</name>
         <uninitialized>true</uninitialized>
         <run_address>0x5320</run_address>
         <size>0x0</size>
      </object_component>
      <object_component id="oc-d">
         <name>.far</name>
         <uninitialized>true</uninitialized>
         <run_address>0x5308</run_address>
         <size>0xc</size>
         <input_file_ref idref="fl-4"/>
      </object_component>
      <object_component id="oc-13">
         <name>.far</name>
         <uninitialized>true</uninitialized>
         <run_address>0x2f20</run_address>
         <size>0x2284</size>
         <input_file_ref idref="fl-5"/>
      </object_component>
      <object_component id="oc-1d">
         <name>.far</name>
         <uninitialized>true</uninitialized>
         <run_address>0x52c8</run_address>
         <size>0x40</size>
         <input_file_ref idref="fl-83"/>
      </object_component>
      <object_component id="oc-28">
         <name>.far</name>
         <uninitialized>true</uninitialized>
         <run_address>0x5314</run_address>
         <size>0xc</size>
         <input_file_ref idref="fl-86"/>
      </object_component>
      <object_component id="oc-39">
         <name>.far</name>
         <uninitialized>true</uninitialized>
         <run_address>0x51a8</run_address>
         <size>0x120</size>
         <input_file_ref idref="fl-8b"/>
      </object_component>
      <object_component id="oc-50">
         <name>.far</name>
         <uninitialized>true</uninitialized>
         <run_address>0x51a4</run_address>
         <size>0x4</size>
         <input_file_ref idref="fl-92"/>
      </object_component>
      <object_component id="oc-3">
         <name>.debug_info</name>
         <load_address>0x0</load_address>
         <run_address>0x0</run_address>
         <size>0x831</size>
         <input_file_ref idref="fl-2"/>
      </object_component>
      <object_component id="oc-8">
         <name>.debug_info</name>
         <load_address>0x831</load_address>
         <run_address>0x831</run_address>
         <size>0xf7</size>
         <input_file_ref idref="fl-3"/>
      </object_component>
      <object_component id="oc-b">
         <name>.debug_info</name>
         <load_address>0x928</load_address>
         <run_address>0x928</run_address>
         <size>0xc14</size>
         <input_file_ref idref="fl-4"/>
      </object_component>
      <object_component id="oc-11">
         <name>.debug_info</name>
         <load_address>0x153c</load_address>
         <run_address>0x153c</run_address>
         <size>0x924</size>
         <input_file_ref idref="fl-5"/>
      </object_component>
      <object_component id="oc-17">
         <name>.debug_info</name>
         <load_address>0x1e60</load_address>
         <run_address>0x1e60</run_address>
         <size>0x70b</size>
         <input_file_ref idref="fl-82"/>
      </object_component>
      <object_component id="oc-1b">
         <name>.debug_info</name>
         <load_address>0x256b</load_address>
         <run_address>0x256b</run_address>
         <size>0x717</size>
         <input_file_ref idref="fl-83"/>
      </object_component>
      <object_component id="oc-20">
         <name>.debug_info</name>
         <load_address>0x2c82</load_address>
         <run_address>0x2c82</run_address>
         <size>0x982</size>
         <input_file_ref idref="fl-84"/>
      </object_component>
      <object_component id="oc-23">
         <name>.debug_info</name>
         <load_address>0x3604</load_address>
         <run_address>0x3604</run_address>
         <size>0x8ce</size>
         <input_file_ref idref="fl-85"/>
      </object_component>
      <object_component id="oc-26">
         <name>.debug_info</name>
         <load_address>0x3ed2</load_address>
         <run_address>0x3ed2</run_address>
         <size>0x7ff</size>
         <input_file_ref idref="fl-86"/>
      </object_component>
      <object_component id="oc-2b">
         <name>.debug_info</name>
         <load_address>0x46d1</load_address>
         <run_address>0x46d1</run_address>
         <size>0x6a4</size>
         <input_file_ref idref="fl-87"/>
      </object_component>
      <object_component id="oc-2e">
         <name>.debug_info</name>
         <load_address>0x4d75</load_address>
         <run_address>0x4d75</run_address>
         <size>0x691</size>
         <input_file_ref idref="fl-88"/>
      </object_component>
      <object_component id="oc-31">
         <name>.debug_info</name>
         <load_address>0x5406</load_address>
         <run_address>0x5406</run_address>
         <size>0x680</size>
         <input_file_ref idref="fl-89"/>
      </object_component>
      <object_component id="oc-34">
         <name>.debug_info</name>
         <load_address>0x5a86</load_address>
         <run_address>0x5a86</run_address>
         <size>0x6b7</size>
         <input_file_ref idref="fl-8a"/>
      </object_component>
      <object_component id="oc-37">
         <name>.debug_info</name>
         <load_address>0x613d</load_address>
         <run_address>0x613d</run_address>
         <size>0x8b9</size>
         <input_file_ref idref="fl-8b"/>
      </object_component>
      <object_component id="oc-3c">
         <name>.debug_info</name>
         <load_address>0x69f6</load_address>
         <run_address>0x69f6</run_address>
         <size>0x659</size>
         <input_file_ref idref="fl-8c"/>
      </object_component>
      <object_component id="oc-3f">
         <name>.debug_info</name>
         <load_address>0x704f</load_address>
         <run_address>0x704f</run_address>
         <size>0x651</size>
         <input_file_ref idref="fl-8d"/>
      </object_component>
      <object_component id="oc-42">
         <name>.debug_info</name>
         <load_address>0x76a0</load_address>
         <run_address>0x76a0</run_address>
         <size>0x6e1</size>
         <input_file_ref idref="fl-8e"/>
      </object_component>
      <object_component id="oc-45">
         <name>.debug_info</name>
         <load_address>0x7d81</load_address>
         <run_address>0x7d81</run_address>
         <size>0x871</size>
         <input_file_ref idref="fl-8f"/>
      </object_component>
      <object_component id="oc-48">
         <name>.debug_info</name>
         <load_address>0x85f2</load_address>
         <run_address>0x85f2</run_address>
         <size>0x6e9</size>
         <input_file_ref idref="fl-90"/>
      </object_component>
      <object_component id="oc-4b">
         <name>.debug_info</name>
         <load_address>0x8cdb</load_address>
         <run_address>0x8cdb</run_address>
         <size>0x7df</size>
         <input_file_ref idref="fl-91"/>
      </object_component>
      <object_component id="oc-4e">
         <name>.debug_info</name>
         <load_address>0x94ba</load_address>
         <run_address>0x94ba</run_address>
         <size>0x5e2</size>
         <input_file_ref idref="fl-92"/>
      </object_component>
      <object_component id="oc-52">
         <name>.debug_info</name>
         <load_address>0x9a9c</load_address>
         <run_address>0x9a9c</run_address>
         <size>0x69b</size>
         <input_file_ref idref="fl-93"/>
      </object_component>
      <object_component id="oc-55">
         <name>.debug_info</name>
         <load_address>0xa137</load_address>
         <run_address>0xa137</run_address>
         <size>0x697</size>
         <input_file_ref idref="fl-94"/>
      </object_component>
      <object_component id="oc-58">
         <name>.debug_info</name>
         <load_address>0xa7ce</load_address>
         <run_address>0xa7ce</run_address>
         <size>0x792</size>
         <input_file_ref idref="fl-95"/>
      </object_component>
      <object_component id="oc-a4">
         <name>.debug_info</name>
         <load_address>0xaf60</load_address>
         <run_address>0xaf60</run_address>
         <size>0x6e</size>
      </object_component>
      <object_component id="oc-4">
         <name>.debug_frame</name>
         <load_address>0x0</load_address>
         <run_address>0x0</run_address>
         <size>0x27d</size>
         <input_file_ref idref="fl-2"/>
      </object_component>
      <object_component id="oc-e">
         <name>.debug_frame</name>
         <load_address>0x27d</load_address>
         <run_address>0x27d</run_address>
         <size>0x2f1</size>
         <input_file_ref idref="fl-4"/>
      </object_component>
      <object_component id="oc-14">
         <name>.debug_frame</name>
         <load_address>0x56e</load_address>
         <run_address>0x56e</run_address>
         <size>0x260</size>
         <input_file_ref idref="fl-5"/>
      </object_component>
      <object_component id="oc-5">
         <name>.debug_line</name>
         <load_address>0x0</load_address>
         <run_address>0x0</run_address>
         <size>0xaa</size>
         <input_file_ref idref="fl-2"/>
      </object_component>
      <object_component id="oc-9">
         <name>.debug_line</name>
         <load_address>0xaa</load_address>
         <run_address>0xaa</run_address>
         <size>0x97</size>
         <input_file_ref idref="fl-3"/>
      </object_component>
      <object_component id="oc-f">
         <name>.debug_line</name>
         <load_address>0x141</load_address>
         <run_address>0x141</run_address>
         <size>0xf6</size>
         <input_file_ref idref="fl-4"/>
      </object_component>
      <object_component id="oc-15">
         <name>.debug_line</name>
         <load_address>0x237</load_address>
         <run_address>0x237</run_address>
         <size>0x6d</size>
         <input_file_ref idref="fl-5"/>
      </object_component>
      <object_component id="oc-19">
         <name>.debug_line</name>
         <load_address>0x2a4</load_address>
         <run_address>0x2a4</run_address>
         <size>0x3d</size>
         <input_file_ref idref="fl-82"/>
      </object_component>
      <object_component id="oc-1e">
         <name>.debug_line</name>
         <load_address>0x2e1</load_address>
         <run_address>0x2e1</run_address>
         <size>0x54</size>
         <input_file_ref idref="fl-83"/>
      </object_component>
      <object_component id="oc-21">
         <name>.debug_line</name>
         <load_address>0x335</load_address>
         <run_address>0x335</run_address>
         <size>0x3c</size>
         <input_file_ref idref="fl-84"/>
      </object_component>
      <object_component id="oc-24">
         <name>.debug_line</name>
         <load_address>0x371</load_address>
         <run_address>0x371</run_address>
         <size>0x3c</size>
         <input_file_ref idref="fl-85"/>
      </object_component>
      <object_component id="oc-29">
         <name>.debug_line</name>
         <load_address>0x3ad</load_address>
         <run_address>0x3ad</run_address>
         <size>0x4f</size>
         <input_file_ref idref="fl-86"/>
      </object_component>
      <object_component id="oc-2c">
         <name>.debug_line</name>
         <load_address>0x3fc</load_address>
         <run_address>0x3fc</run_address>
         <size>0x3e</size>
         <input_file_ref idref="fl-87"/>
      </object_component>
      <object_component id="oc-2f">
         <name>.debug_line</name>
         <load_address>0x43a</load_address>
         <run_address>0x43a</run_address>
         <size>0x3f</size>
         <input_file_ref idref="fl-88"/>
      </object_component>
      <object_component id="oc-32">
         <name>.debug_line</name>
         <load_address>0x479</load_address>
         <run_address>0x479</run_address>
         <size>0x37</size>
         <input_file_ref idref="fl-89"/>
      </object_component>
      <object_component id="oc-35">
         <name>.debug_line</name>
         <load_address>0x4b0</load_address>
         <run_address>0x4b0</run_address>
         <size>0x3d</size>
         <input_file_ref idref="fl-8a"/>
      </object_component>
      <object_component id="oc-3a">
         <name>.debug_line</name>
         <load_address>0x4ed</load_address>
         <run_address>0x4ed</run_address>
         <size>0x5c</size>
         <input_file_ref idref="fl-8b"/>
      </object_component>
      <object_component id="oc-3d">
         <name>.debug_line</name>
         <load_address>0x549</load_address>
         <run_address>0x549</run_address>
         <size>0x38</size>
         <input_file_ref idref="fl-8c"/>
      </object_component>
      <object_component id="oc-40">
         <name>.debug_line</name>
         <load_address>0x581</load_address>
         <run_address>0x581</run_address>
         <size>0x38</size>
         <input_file_ref idref="fl-8d"/>
      </object_component>
      <object_component id="oc-43">
         <name>.debug_line</name>
         <load_address>0x5b9</load_address>
         <run_address>0x5b9</run_address>
         <size>0x41</size>
         <input_file_ref idref="fl-8e"/>
      </object_component>
      <object_component id="oc-46">
         <name>.debug_line</name>
         <load_address>0x5fa</load_address>
         <run_address>0x5fa</run_address>
         <size>0x47</size>
         <input_file_ref idref="fl-8f"/>
      </object_component>
      <object_component id="oc-49">
         <name>.debug_line</name>
         <load_address>0x641</load_address>
         <run_address>0x641</run_address>
         <size>0x45</size>
         <input_file_ref idref="fl-90"/>
      </object_component>
      <object_component id="oc-4c">
         <name>.debug_line</name>
         <load_address>0x686</load_address>
         <run_address>0x686</run_address>
         <size>0x44</size>
         <input_file_ref idref="fl-91"/>
      </object_component>
      <object_component id="oc-53">
         <name>.debug_line</name>
         <load_address>0x6ca</load_address>
         <run_address>0x6ca</run_address>
         <size>0x38</size>
         <input_file_ref idref="fl-93"/>
      </object_component>
      <object_component id="oc-56">
         <name>.debug_line</name>
         <load_address>0x702</load_address>
         <run_address>0x702</run_address>
         <size>0x3a</size>
         <input_file_ref idref="fl-94"/>
      </object_component>
      <object_component id="oc-59">
         <name>.debug_line</name>
         <load_address>0x73c</load_address>
         <run_address>0x73c</run_address>
         <size>0x4e</size>
         <input_file_ref idref="fl-95"/>
      </object_component>
      <object_component id="oc-6">
         <name>.debug_abbrev</name>
         <load_address>0x0</load_address>
         <run_address>0x0</run_address>
         <size>0xbc</size>
         <input_file_ref idref="fl-2"/>
      </object_component>
      <object_component id="oc-a">
         <name>.debug_abbrev</name>
         <load_address>0xbc</load_address>
         <run_address>0xbc</run_address>
         <size>0x21</size>
         <input_file_ref idref="fl-3"/>
      </object_component>
      <object_component id="oc-10">
         <name>.debug_abbrev</name>
         <load_address>0xdd</load_address>
         <run_address>0xdd</run_address>
         <size>0x120</size>
         <input_file_ref idref="fl-4"/>
      </object_component>
      <object_component id="oc-16">
         <name>.debug_abbrev</name>
         <load_address>0x1fd</load_address>
         <run_address>0x1fd</run_address>
         <size>0xe6</size>
         <input_file_ref idref="fl-5"/>
      </object_component>
      <object_component id="oc-1a">
         <name>.debug_abbrev</name>
         <load_address>0x2e3</load_address>
         <run_address>0x2e3</run_address>
         <size>0xfe</size>
         <input_file_ref idref="fl-82"/>
      </object_component>
      <object_component id="oc-1f">
         <name>.debug_abbrev</name>
         <load_address>0x3e1</load_address>
         <run_address>0x3e1</run_address>
         <size>0xcc</size>
         <input_file_ref idref="fl-83"/>
      </object_component>
      <object_component id="oc-22">
         <name>.debug_abbrev</name>
         <load_address>0x4ad</load_address>
         <run_address>0x4ad</run_address>
         <size>0xf5</size>
         <input_file_ref idref="fl-84"/>
      </object_component>
      <object_component id="oc-25">
         <name>.debug_abbrev</name>
         <load_address>0x5a2</load_address>
         <run_address>0x5a2</run_address>
         <size>0xe7</size>
         <input_file_ref idref="fl-85"/>
      </object_component>
      <object_component id="oc-2a">
         <name>.debug_abbrev</name>
         <load_address>0x689</load_address>
         <run_address>0x689</run_address>
         <size>0x119</size>
         <input_file_ref idref="fl-86"/>
      </object_component>
      <object_component id="oc-2d">
         <name>.debug_abbrev</name>
         <load_address>0x7a2</load_address>
         <run_address>0x7a2</run_address>
         <size>0x9a</size>
         <input_file_ref idref="fl-87"/>
      </object_component>
      <object_component id="oc-30">
         <name>.debug_abbrev</name>
         <load_address>0x83c</load_address>
         <run_address>0x83c</run_address>
         <size>0xa3</size>
         <input_file_ref idref="fl-88"/>
      </object_component>
      <object_component id="oc-33">
         <name>.debug_abbrev</name>
         <load_address>0x8df</load_address>
         <run_address>0x8df</run_address>
         <size>0xa1</size>
         <input_file_ref idref="fl-89"/>
      </object_component>
      <object_component id="oc-36">
         <name>.debug_abbrev</name>
         <load_address>0x980</load_address>
         <run_address>0x980</run_address>
         <size>0xa3</size>
         <input_file_ref idref="fl-8a"/>
      </object_component>
      <object_component id="oc-3b">
         <name>.debug_abbrev</name>
         <load_address>0xa23</load_address>
         <run_address>0xa23</run_address>
         <size>0xdc</size>
         <input_file_ref idref="fl-8b"/>
      </object_component>
      <object_component id="oc-3e">
         <name>.debug_abbrev</name>
         <load_address>0xaff</load_address>
         <run_address>0xaff</run_address>
         <size>0xaf</size>
         <input_file_ref idref="fl-8c"/>
      </object_component>
      <object_component id="oc-41">
         <name>.debug_abbrev</name>
         <load_address>0xbae</load_address>
         <run_address>0xbae</run_address>
         <size>0xaf</size>
         <input_file_ref idref="fl-8d"/>
      </object_component>
      <object_component id="oc-44">
         <name>.debug_abbrev</name>
         <load_address>0xc5d</load_address>
         <run_address>0xc5d</run_address>
         <size>0xe1</size>
         <input_file_ref idref="fl-8e"/>
      </object_component>
      <object_component id="oc-47">
         <name>.debug_abbrev</name>
         <load_address>0xd3e</load_address>
         <run_address>0xd3e</run_address>
         <size>0x13f</size>
         <input_file_ref idref="fl-8f"/>
      </object_component>
      <object_component id="oc-4a">
         <name>.debug_abbrev</name>
         <load_address>0xe7d</load_address>
         <run_address>0xe7d</run_address>
         <size>0xdd</size>
         <input_file_ref idref="fl-90"/>
      </object_component>
      <object_component id="oc-4d">
         <name>.debug_abbrev</name>
         <load_address>0xf5a</load_address>
         <run_address>0xf5a</run_address>
         <size>0x10c</size>
         <input_file_ref idref="fl-91"/>
      </object_component>
      <object_component id="oc-51">
         <name>.debug_abbrev</name>
         <load_address>0x1066</load_address>
         <run_address>0x1066</run_address>
         <size>0x44</size>
         <input_file_ref idref="fl-92"/>
      </object_component>
      <object_component id="oc-54">
         <name>.debug_abbrev</name>
         <load_address>0x10aa</load_address>
         <run_address>0x10aa</run_address>
         <size>0xb1</size>
         <input_file_ref idref="fl-93"/>
      </object_component>
      <object_component id="oc-57">
         <name>.debug_abbrev</name>
         <load_address>0x115b</load_address>
         <run_address>0x115b</run_address>
         <size>0xa8</size>
         <input_file_ref idref="fl-94"/>
      </object_component>
      <object_component id="oc-5a">
         <name>.debug_abbrev</name>
         <load_address>0x1203</load_address>
         <run_address>0x1203</run_address>
         <size>0xd5</size>
         <input_file_ref idref="fl-95"/>
      </object_component>
      <object_component id="oc-a5">
         <name>.debug_abbrev</name>
         <load_address>0x12d8</load_address>
         <run_address>0x12d8</run_address>
         <size>0xd</size>
      </object_component>
   </object_component_list>
   <logical_group_list>
      <logical_group id="lg-73">
         <name>.text</name>
         <load_address>0x20</load_address>
         <run_address>0x20</run_address>
         <size>0x2f00</size>
         <contents>
            <object_component_ref idref="oc-66"/>
            <object_component_ref idref="oc-67"/>
            <object_component_ref idref="oc-68"/>
            <object_component_ref idref="oc-63"/>
            <object_component_ref idref="oc-65"/>
            <object_component_ref idref="oc-64"/>
            <object_component_ref idref="oc-5f"/>
            <object_component_ref idref="oc-61"/>
            <object_component_ref idref="oc-6f"/>
            <object_component_ref idref="oc-71"/>
            <object_component_ref idref="oc-7"/>
            <object_component_ref idref="oc-6e"/>
            <object_component_ref idref="oc-5b"/>
            <object_component_ref idref="oc-6c"/>
            <object_component_ref idref="oc-5d"/>
            <object_component_ref idref="oc-6d"/>
            <object_component_ref idref="oc-5e"/>
            <object_component_ref idref="oc-72"/>
            <object_component_ref idref="oc-60"/>
            <object_component_ref idref="oc-2"/>
            <object_component_ref idref="oc-70"/>
            <object_component_ref idref="oc-5c"/>
            <object_component_ref idref="oc-6b"/>
            <object_component_ref idref="oc-62"/>
         </contents>
      </logical_group>
      <logical_group id="lg-74">
         <name>.const</name>
         <load_address>0x6540</load_address>
         <run_address>0x6540</run_address>
         <size>0x38</size>
         <contents>
            <object_component_ref idref="oc-69"/>
            <object_component_ref idref="oc-6a"/>
         </contents>
      </logical_group>
      <logical_group id="lg-75">
         <name>.data</name>
         <run_address>0x8</run_address>
         <size>0x0</size>
         <contents>
         </contents>
      </logical_group>
      <logical_group id="lg-76">
         <name>.bss</name>
         <run_address>0x8</run_address>
         <size>0x0</size>
         <contents>
         </contents>
      </logical_group>
      <logical_group id="lg-77">
         <name>.cinit</name>
         <load_address>0x6320</load_address>
         <run_address>0x6320</run_address>
         <size>0x21c</size>
         <contents>
            <object_component_ref idref="oc-38"/>
            <object_component_ref idref="oc-1c"/>
            <object_component_ref idref="oc-12"/>
            <object_component_ref idref="oc-27"/>
            <object_component_ref idref="oc-c"/>
            <object_component_ref idref="oc-4f"/>
         </contents>
      </logical_group>
      <logical_group id="lg-78">
         <name>.pinit</name>
         <run_address>0x0</run_address>
         <size>0x0</size>
         <contents>
         </contents>
      </logical_group>
      <logical_group id="lg-79">
         <name>.stack</name>
         <run_address>0x5320</run_address>
         <size>0x1000</size>
         <contents>
            <object_component_ref idref="oc-18"/>
            <object_component_ref idref="oc-96"/>
         </contents>
      </logical_group>
      <logical_group id="lg-7a">
         <name>.sysmem</name>
         <run_address>0x0</run_address>
         <size>0x0</size>
         <contents>
         </contents>
      </logical_group>
      <logical_group id="lg-7b">
         <name>.far</name>
         <run_address>0x2f20</run_address>
         <size>0x2400</size>
         <contents>
            <object_component_ref idref="oc-d"/>
            <object_component_ref idref="oc-13"/>
            <object_component_ref idref="oc-1d"/>
            <object_component_ref idref="oc-28"/>
            <object_component_ref idref="oc-39"/>
            <object_component_ref idref="oc-50"/>
         </contents>
      </logical_group>
      <logical_group id="lg-7c">
         <name>.switch</name>
         <run_address>0x0</run_address>
         <size>0x0</size>
         <contents>
         </contents>
      </logical_group>
      <logical_group id="lg-7d">
         <name>.cio</name>
         <run_address>0x0</run_address>
         <size>0x0</size>
         <contents>
         </contents>
      </logical_group>
      <logical_group id="lg-7e">
         <name>.ppinfo</name>
         <run_address>0x0</run_address>
         <size>0x0</size>
         <contents>
         </contents>
      </logical_group>
      <logical_group id="lg-7f">
         <name>.ppdata</name>
         <run_address>0x0</run_address>
         <size>0x0</size>
         <contents>
         </contents>
      </logical_group>
      <logical_group id="lg-8d">
         <name>.debug_info</name>
         <load_address>0x0</load_address>
         <run_address>0x0</run_address>
         <size>0xafce</size>
         <contents>
            <object_component_ref idref="oc-3"/>
            <object_component_ref idref="oc-8"/>
            <object_component_ref idref="oc-b"/>
            <object_component_ref idref="oc-11"/>
            <object_component_ref idref="oc-17"/>
            <object_component_ref idref="oc-1b"/>
            <object_component_ref idref="oc-20"/>
            <object_component_ref idref="oc-23"/>
            <object_component_ref idref="oc-26"/>
            <object_component_ref idref="oc-2b"/>
            <object_component_ref idref="oc-2e"/>
            <object_component_ref idref="oc-31"/>
            <object_component_ref idref="oc-34"/>
            <object_component_ref idref="oc-37"/>
            <object_component_ref idref="oc-3c"/>
            <object_component_ref idref="oc-3f"/>
            <object_component_ref idref="oc-42"/>
            <object_component_ref idref="oc-45"/>
            <object_component_ref idref="oc-48"/>
            <object_component_ref idref="oc-4b"/>
            <object_component_ref idref="oc-4e"/>
            <object_component_ref idref="oc-52"/>
            <object_component_ref idref="oc-55"/>
            <object_component_ref idref="oc-58"/>
            <object_component_ref idref="oc-a4"/>
         </contents>
      </logical_group>
      <logical_group id="lg-8f">
         <name>.debug_frame</name>
         <load_address>0x0</load_address>
         <run_address>0x0</run_address>
         <size>0x7ce</size>
         <contents>
            <object_component_ref idref="oc-4"/>
            <object_component_ref idref="oc-e"/>
            <object_component_ref idref="oc-14"/>
         </contents>
      </logical_group>
      <logical_group id="lg-91">
         <name>.debug_line</name>
         <load_address>0x0</load_address>
         <run_address>0x0</run_address>
         <size>0x78a</size>
         <contents>
            <object_component_ref idref="oc-5"/>
            <object_component_ref idref="oc-9"/>
            <object_component_ref idref="oc-f"/>
            <object_component_ref idref="oc-15"/>
            <object_component_ref idref="oc-19"/>
            <object_component_ref idref="oc-1e"/>
            <object_component_ref idref="oc-21"/>
            <object_component_ref idref="oc-24"/>
            <object_component_ref idref="oc-29"/>
            <object_component_ref idref="oc-2c"/>
            <object_component_ref idref="oc-2f"/>
            <object_component_ref idref="oc-32"/>
            <object_component_ref idref="oc-35"/>
            <object_component_ref idref="oc-3a"/>
            <object_component_ref idref="oc-3d"/>
            <object_component_ref idref="oc-40"/>
            <object_component_ref idref="oc-43"/>
            <object_component_ref idref="oc-46"/>
            <object_component_ref idref="oc-49"/>
            <object_component_ref idref="oc-4c"/>
            <object_component_ref idref="oc-53"/>
            <object_component_ref idref="oc-56"/>
            <object_component_ref idref="oc-59"/>
         </contents>
      </logical_group>
      <logical_group id="lg-93">
         <name>.debug_abbrev</name>
         <load_address>0x0</load_address>
         <run_address>0x0</run_address>
         <size>0x12e5</size>
         <contents>
            <object_component_ref idref="oc-6"/>
            <object_component_ref idref="oc-a"/>
            <object_component_ref idref="oc-10"/>
            <object_component_ref idref="oc-16"/>
            <object_component_ref idref="oc-1a"/>
            <object_component_ref idref="oc-1f"/>
            <object_component_ref idref="oc-22"/>
            <object_component_ref idref="oc-25"/>
            <object_component_ref idref="oc-2a"/>
            <object_component_ref idref="oc-2d"/>
            <object_component_ref idref="oc-30"/>
            <object_component_ref idref="oc-33"/>
            <object_component_ref idref="oc-36"/>
            <object_component_ref idref="oc-3b"/>
            <object_component_ref idref="oc-3e"/>
            <object_component_ref idref="oc-41"/>
            <object_component_ref idref="oc-44"/>
            <object_component_ref idref="oc-47"/>
            <object_component_ref idref="oc-4a"/>
            <object_component_ref idref="oc-4d"/>
            <object_component_ref idref="oc-51"/>
            <object_component_ref idref="oc-54"/>
            <object_component_ref idref="oc-57"/>
            <object_component_ref idref="oc-5a"/>
            <object_component_ref idref="oc-a5"/>
         </contents>
      </logical_group>
   </logical_group_list>
   <placement_map>
      <memory_area>
         <name>RAM</name>
         <page_id>0x0</page_id>
         <origin>0x1</origin>
         <length>0xfffffffe</length>
         <used_space>0x6554</used_space>
         <unused_space>0xffff9aaa</unused_space>
         <attributes>RWIX</attributes>
         <usage_details>
            <available_space>
               <start_address>0x1</start_address>
               <size>0x7</size>
            </available_space>
            <allocated_space>
               <start_address>0x8</start_address>
               <size>0x0</size>
               <logical_group_ref idref="lg-76"/>
            </allocated_space>
            <allocated_space>
               <start_address>0x8</start_address>
               <size>0x0</size>
               <logical_group_ref idref="lg-75"/>
            </allocated_space>
            <available_space>
               <start_address>0x8</start_address>
               <size>0x18</size>
            </available_space>
            <allocated_space>
               <start_address>0x20</start_address>
               <size>0x2f00</size>
               <logical_group_ref idref="lg-73"/>
            </allocated_space>
            <allocated_space>
               <start_address>0x2f20</start_address>
               <size>0x2400</size>
               <logical_group_ref idref="lg-7b"/>
            </allocated_space>
            <allocated_space>
               <start_address>0x5320</start_address>
               <size>0x1000</size>
               <logical_group_ref idref="lg-79"/>
            </allocated_space>
            <allocated_space>
               <start_address>0x6320</start_address>
               <size>0x21c</size>
               <logical_group_ref idref="lg-77"/>
            </allocated_space>
            <available_space>
               <start_address>0x653c</start_address>
               <size>0x4</size>
            </available_space>
            <allocated_space>
               <start_address>0x6540</start_address>
               <size>0x38</size>
               <logical_group_ref idref="lg-74"/>
            </allocated_space>
            <available_space>
               <start_address>0x6578</start_address>
               <size>0xffff9a87</size>
            </available_space>
         </usage_details>
      </memory_area>
   </placement_map>
   <symbol_table>
      <symbol id="sm-0">
         <name>cinit</name>
         <value>0x6320</value>
      </symbol>
      <symbol id="sm-1">
         <name>___cinit__</name>
         <value>0x6320</value>
      </symbol>
      <symbol id="sm-2">
         <name>pinit</name>
         <value>0xffffffff</value>
      </symbol>
      <symbol id="sm-3">
         <name>___pinit__</name>
         <value>0xffffffff</value>
      </symbol>
      <symbol id="sm-4">
         <name>binit</name>
         <value>0xffffffff</value>
      </symbol>
      <symbol id="sm-5">
         <name>___binit__</name>
         <value>0xffffffff</value>
      </symbol>
      <symbol id="sm-6">
         <name>__STACK_SIZE</name>
         <value>0x1000</value>
      </symbol>
      <symbol id="sm-7">
         <name>__STACK_END</name>
         <value>0x6320</value>
      </symbol>
      <symbol id="sm-8">
         <name>___c_args__</name>
         <value>0xffffffff</value>
      </symbol>
      <symbol id="sm-9">
         <name>.text</name>
         <value>0x20</value>
      </symbol>
      <symbol id="sm-a">
         <name>___text__</name>
         <value>0x20</value>
      </symbol>
      <symbol id="sm-b">
         <name>etext</name>
         <value>0x2f20</value>
      </symbol>
      <symbol id="sm-c">
         <name>___etext__</name>
         <value>0x2f20</value>
      </symbol>
      <symbol id="sm-d">
         <name>.data</name>
         <value>0x8</value>
      </symbol>
      <symbol id="sm-e">
         <name>___data__</name>
         <value>0x8</value>
      </symbol>
      <symbol id="sm-f">
         <name>edata</name>
         <value>0x8</value>
      </symbol>
      <symbol id="sm-10">
         <name>___edata__</name>
         <value>0x8</value>
      </symbol>
      <symbol id="sm-11">
         <name>.bss</name>
         <value>0x8</value>
      </symbol>
      <symbol id="sm-12">
         <name>___bss__</name>
         <value>0x8</value>
      </symbol>
      <symbol id="sm-13">
         <name>end</name>
         <value>0x8</value>
      </symbol>
      <symbol id="sm-14">
         <name>___end__</name>
         <value>0x8</value>
      </symbol>
      <symbol id="sm-15">
         <name>___TI_pprof_out_hndl</name>
         <value>0xffffffff</value>
      </symbol>
      <symbol id="sm-16">
         <name>___TI_prof_data_start</name>
         <value>0xffffffff</value>
      </symbol>
      <symbol id="sm-17">
         <name>___TI_prof_data_size</name>
         <value>0xffffffff</value>
      </symbol>
      <symbol id="sm-18">
         <name>$bss</name>
         <value>0x8</value>
      </symbol>
      <symbol id="sm-4d">
         <name>_IIR_2ndOrder_directII</name>
         <value>0x1040</value>
         <object_component_ref idref="oc-68"/>
      </symbol>
      <symbol id="sm-4e">
         <name>_sat_25bits</name>
         <value>0x1318</value>
         <object_component_ref idref="oc-68"/>
      </symbol>
      <symbol id="sm-56">
         <name>_IIR_2ndOrder_directII_ASM</name>
         <value>0x25e0</value>
         <object_component_ref idref="oc-7"/>
      </symbol>
      <symbol id="sm-81">
         <name>_init_w</name>
         <value>0x16ac</value>
         <object_component_ref idref="oc-63"/>
      </symbol>
      <symbol id="sm-82">
         <name>_FPH_7000</name>
         <value>0x1594</value>
         <object_component_ref idref="oc-63"/>
      </symbol>
      <symbol id="sm-83">
         <name>_IIR_W</name>
         <value>0x5308</value>
         <object_component_ref idref="oc-d"/>
      </symbol>
      <symbol id="sm-84">
         <name>_FPB_5000</name>
         <value>0x150c</value>
         <object_component_ref idref="oc-63"/>
      </symbol>
      <symbol id="sm-85">
         <name>_FPB_700</name>
         <value>0x1480</value>
         <object_component_ref idref="oc-63"/>
      </symbol>
      <symbol id="sm-86">
         <name>_IIR_GAINS</name>
         <value>0x6570</value>
         <object_component_ref idref="oc-6a"/>
      </symbol>
      <symbol id="sm-87">
         <name>_FPH_1000</name>
         <value>0x1624</value>
         <object_component_ref idref="oc-63"/>
      </symbol>
      <symbol id="sm-88">
         <name>_IIR_COEFFS</name>
         <value>0x6540</value>
         <object_component_ref idref="oc-69"/>
      </symbol>
      <symbol id="sm-89">
         <name>_sat_16bits</name>
         <value>0x1740</value>
         <object_component_ref idref="oc-63"/>
      </symbol>
      <symbol id="sm-a6">
         <name>_main</name>
         <value>0x2140</value>
         <object_component_ref idref="oc-61"/>
      </symbol>
      <symbol id="sm-a7">
         <name>_echFiltrer700</name>
         <value>0x2f2c</value>
         <object_component_ref idref="oc-13"/>
      </symbol>
      <symbol id="sm-a8">
         <name>_echFiltrer5000</name>
         <value>0x3cf4</value>
         <object_component_ref idref="oc-13"/>
      </symbol>
      <symbol id="sm-a9">
         <name>_PI</name>
         <value>0x51a0</value>
         <object_component_ref idref="oc-13"/>
      </symbol>
      <symbol id="sm-aa">
         <name>_echFiltrer1000</name>
         <value>0x3610</value>
         <object_component_ref idref="oc-13"/>
      </symbol>
      <symbol id="sm-ab">
         <name>_nb_ech</name>
         <value>0x2f28</value>
         <object_component_ref idref="oc-13"/>
      </symbol>
      <symbol id="sm-ac">
         <name>_Fs</name>
         <value>0x2f20</value>
         <object_component_ref idref="oc-13"/>
      </symbol>
      <symbol id="sm-ad">
         <name>_F1</name>
         <value>0x2f24</value>
         <object_component_ref idref="oc-13"/>
      </symbol>
      <symbol id="sm-ae">
         <name>_echFiltrer7000</name>
         <value>0x43d8</value>
         <object_component_ref idref="oc-13"/>
      </symbol>
      <symbol id="sm-af">
         <name>_TableCos1</name>
         <value>0x4abc</value>
         <object_component_ref idref="oc-13"/>
      </symbol>
      <symbol id="sm-bb">
         <name>_c_int00</name>
         <value>0x2da0</value>
         <object_component_ref idref="oc-2"/>
      </symbol>
      <symbol id="sm-bc">
         <name>__stack</name>
         <value>0x5320</value>
         <object_component_ref idref="oc-18"/>
      </symbol>
      <symbol id="sm-ca">
         <name>_cos</name>
         <value>0x18c0</value>
         <object_component_ref idref="oc-65"/>
      </symbol>
      <symbol id="sm-d4">
         <name>__divd</name>
         <value>0x920</value>
         <object_component_ref idref="oc-67"/>
      </symbol>
      <symbol id="sm-de">
         <name>__divf</name>
         <value>0x1c00</value>
         <object_component_ref idref="oc-64"/>
      </symbol>
      <symbol id="sm-ee">
         <name>C$$EXIT</name>
         <value>0x2f00</value>
         <object_component_ref idref="oc-62"/>
      </symbol>
      <symbol id="sm-ef">
         <name>_exit</name>
         <value>0x2a00</value>
         <object_component_ref idref="oc-5d"/>
      </symbol>
      <symbol id="sm-f0">
         <name>___TI_enable_exit_profile_output</name>
         <value>0x531c</value>
         <object_component_ref idref="oc-28"/>
      </symbol>
      <symbol id="sm-f1">
         <name>_abort</name>
         <value>0x2f00</value>
         <object_component_ref idref="oc-62"/>
      </symbol>
      <symbol id="sm-f2">
         <name>__cleanup_ptr</name>
         <value>0x5314</value>
         <object_component_ref idref="oc-28"/>
      </symbol>
      <symbol id="sm-f3">
         <name>__dtors_ptr</name>
         <value>0x5318</value>
         <object_component_ref idref="oc-28"/>
      </symbol>
      <symbol id="sm-fd">
         <name>__frcmpyd_div</name>
         <value>0x24a0</value>
         <object_component_ref idref="oc-71"/>
      </symbol>
      <symbol id="sm-107">
         <name>__llshru</name>
         <value>0x2e20</value>
         <object_component_ref idref="oc-70"/>
      </symbol>
      <symbol id="sm-111">
         <name>_modf</name>
         <value>0x2ae0</value>
         <object_component_ref idref="oc-6d"/>
      </symbol>
      <symbol id="sm-11b">
         <name>__mpyll</name>
         <value>0x2c80</value>
         <object_component_ref idref="oc-72"/>
      </symbol>
      <symbol id="sm-129">
         <name>_pow</name>
         <value>0x20</value>
         <object_component_ref idref="oc-66"/>
      </symbol>
      <symbol id="sm-133">
         <name>__nround</name>
         <value>0x2920</value>
         <object_component_ref idref="oc-6c"/>
      </symbol>
      <symbol id="sm-13d">
         <name>__trunc</name>
         <value>0x2ec0</value>
         <object_component_ref idref="oc-6b"/>
      </symbol>
      <symbol id="sm-147">
         <name>__args_main</name>
         <value>0x2e80</value>
         <object_component_ref idref="oc-5c"/>
      </symbol>
      <symbol id="sm-148">
         <name>__TI_args_main</name>
         <value>0x1</value>
      </symbol>
      <symbol id="sm-152">
         <name>__auto_init</name>
         <value>0x2820</value>
         <object_component_ref idref="oc-5b"/>
      </symbol>
      <symbol id="sm-15c">
         <name>___TI_cpp_init</name>
         <value>0x2d20</value>
         <object_component_ref idref="oc-60"/>
      </symbol>
      <symbol id="sm-166">
         <name>_copy_in</name>
         <value>0x2bc0</value>
         <object_component_ref idref="oc-5e"/>
      </symbol>
      <symbol id="sm-170">
         <name>_errno</name>
         <value>0x51a4</value>
         <object_component_ref idref="oc-50"/>
      </symbol>
      <symbol id="sm-17a">
         <name>_frexp</name>
         <value>0x2700</value>
         <object_component_ref idref="oc-6e"/>
      </symbol>
      <symbol id="sm-184">
         <name>_ldexp</name>
         <value>0x2300</value>
         <object_component_ref idref="oc-6f"/>
      </symbol>
      <symbol id="sm-18e">
         <name>_memcpy</name>
         <value>0x1f00</value>
         <object_component_ref idref="oc-5f"/>
      </symbol>
   </symbol_table>
</link_info>
