<?xml version="1.0"?>
<link_info>
   <banner>TMS320C6x Linker PC v7.4.20</banner>
   <copyright>Copyright (c) 1996-2015 Texas Instruments Incorporated</copyright>
   <link_time>0x5ac2b44a</link_time>
   <output_file>equipe3s5.out</output_file>
   <entry_point>
      <name>_c_int00</name>
      <address>0x28a0</address>
   </entry_point>
   <input_file_list>
      <input_file id="fl-2">
         <path>.\source\asm\</path>
         <kind>object</kind>
         <file>Vectors_intr.obj</file>
         <name>Vectors_intr.obj</name>
      </input_file>
      <input_file id="fl-3">
         <path>.\source\asm\</path>
         <kind>object</kind>
         <file>correlation.obj</file>
         <name>correlation.obj</name>
      </input_file>
      <input_file id="fl-4">
         <path>.\source\asm\</path>
         <kind>object</kind>
         <file>interrupt.obj</file>
         <name>interrupt.obj</name>
      </input_file>
      <input_file id="fl-5">
         <path>.\source\c\</path>
         <kind>object</kind>
         <file>C6713Helper_UdeS.obj</file>
         <name>C6713Helper_UdeS.obj</name>
      </input_file>
      <input_file id="fl-6">
         <path>.\source\c\</path>
         <kind>object</kind>
         <file>audio_driver.obj</file>
         <name>audio_driver.obj</name>
      </input_file>
      <input_file id="fl-7">
         <path>.\source\c\</path>
         <kind>object</kind>
         <file>effects.obj</file>
         <name>effects.obj</name>
      </input_file>
      <input_file id="fl-8">
         <path>.\source\c\</path>
         <kind>object</kind>
         <file>main.obj</file>
         <name>main.obj</name>
      </input_file>
      <input_file id="fl-9">
         <path>.\source\c\</path>
         <kind>object</kind>
         <file>spi_driver.obj</file>
         <name>spi_driver.obj</name>
      </input_file>
      <input_file id="fl-87">
         <path>C:\ti\ccsv7\tools\compiler\c6000_7.4.20\lib\</path>
         <kind>archive</kind>
         <file>rts6700.lib</file>
         <name>boot.obj</name>
      </input_file>
      <input_file id="fl-88">
         <path>C:\ti\ccsv7\tools\compiler\c6000_7.4.20\lib\</path>
         <kind>archive</kind>
         <file>rts6700.lib</file>
         <name>exit.obj</name>
      </input_file>
      <input_file id="fl-89">
         <path>C:\ti\ccsv7\tools\compiler\c6000_7.4.20\lib\</path>
         <kind>archive</kind>
         <file>rts6700.lib</file>
         <name>args_main.obj</name>
      </input_file>
      <input_file id="fl-8a">
         <path>C:\ti\ccsv7\tools\compiler\c6000_7.4.20\lib\</path>
         <kind>archive</kind>
         <file>rts6700.lib</file>
         <name>autoinit.obj</name>
      </input_file>
      <input_file id="fl-8b">
         <path>C:\ti\ccsv7\tools\compiler\c6000_7.4.20\lib\</path>
         <kind>archive</kind>
         <file>rts6700.lib</file>
         <name>cpp_init.obj</name>
      </input_file>
      <input_file id="fl-8c">
         <path>C:\ti\ccsv7\tools\compiler\c6000_7.4.20\lib\</path>
         <kind>archive</kind>
         <file>rts6700.lib</file>
         <name>cpy_tbl.obj</name>
      </input_file>
      <input_file id="fl-8d">
         <path>C:\ti\ccsv7\tools\compiler\c6000_7.4.20\lib\</path>
         <kind>archive</kind>
         <file>rts6700.lib</file>
         <name>memcpy62.obj</name>
      </input_file>
      <input_file id="fl-8e">
         <path>C:\ti\ccsv7\ccs_base\C6xCSL\lib_3x\</path>
         <kind>archive</kind>
         <file>csl6713.lib</file>
         <name>csl_irq.obj</name>
      </input_file>
      <input_file id="fl-8f">
         <path>C:\ti\ccsv7\ccs_base\C6xCSL\lib_3x\</path>
         <kind>archive</kind>
         <file>csl6713.lib</file>
         <name>csl_mcbsp.obj</name>
      </input_file>
      <input_file id="fl-90">
         <path>C:\ti\dsk6713\lib\</path>
         <kind>archive</kind>
         <file>dsk6713bsl.lib</file>
         <name>dsk6713.obj</name>
      </input_file>
      <input_file id="fl-91">
         <path>C:\ti\dsk6713\lib\</path>
         <kind>archive</kind>
         <file>dsk6713bsl.lib</file>
         <name>dsk6713_aic23_closecodec.obj</name>
      </input_file>
      <input_file id="fl-92">
         <path>C:\ti\dsk6713\lib\</path>
         <kind>archive</kind>
         <file>dsk6713bsl.lib</file>
         <name>dsk6713_aic23_opencodec.obj</name>
      </input_file>
      <input_file id="fl-93">
         <path>C:\ti\dsk6713\lib\</path>
         <kind>archive</kind>
         <file>dsk6713bsl.lib</file>
         <name>dsk6713_aic23_registers.obj</name>
      </input_file>
      <input_file id="fl-94">
         <path>C:\ti\dsk6713\lib\</path>
         <kind>archive</kind>
         <file>dsk6713bsl.lib</file>
         <name>dsk6713_aic23_setfreq.obj</name>
      </input_file>
      <input_file id="fl-95">
         <path>C:\ti\dsk6713\lib\</path>
         <kind>archive</kind>
         <file>dsk6713bsl.lib</file>
         <name>dsk6713_dip.obj</name>
      </input_file>
      <input_file id="fl-96">
         <path>C:\ti\dsk6713\lib\</path>
         <kind>archive</kind>
         <file>dsk6713bsl.lib</file>
         <name>dsk6713_led.obj</name>
      </input_file>
      <input_file id="fl-97">
         <path>C:\ti\ccsv7\tools\compiler\c6000_7.4.20\lib\</path>
         <kind>archive</kind>
         <file>rts6700.lib</file>
         <name>strasg.obj</name>
      </input_file>
   </input_file_list>
   <object_component_list>
      <object_component id="oc-10">
         <name>.vectors</name>
         <load_address>0x0</load_address>
         <run_address>0x0</run_address>
         <size>0x200</size>
         <input_file_ref idref="fl-2"/>
      </object_component>
      <object_component id="oc-86">
         <name>.text</name>
         <load_address>0x220</load_address>
         <run_address>0x220</run_address>
         <size>0x7c0</size>
         <input_file_ref idref="fl-5"/>
      </object_component>
      <object_component id="oc-5b">
         <name>.text</name>
         <load_address>0x9e0</load_address>
         <run_address>0x9e0</run_address>
         <size>0x480</size>
         <input_file_ref idref="fl-90"/>
      </object_component>
      <object_component id="oc-65">
         <name>.text</name>
         <load_address>0xe60</load_address>
         <run_address>0xe60</run_address>
         <size>0x320</size>
         <input_file_ref idref="fl-92"/>
      </object_component>
      <object_component id="oc-8c">
         <name>.text:_memcpy</name>
         <load_address>0x1180</load_address>
         <run_address>0x1180</run_address>
         <size>0x240</size>
         <input_file_ref idref="fl-8d"/>
      </object_component>
      <object_component id="oc-9c">
         <name>.text</name>
         <load_address>0x13c0</load_address>
         <run_address>0x13c0</run_address>
         <size>0x240</size>
         <input_file_ref idref="fl-9"/>
      </object_component>
      <object_component id="oc-97">
         <name>.text:_IRQ_map</name>
         <load_address>0x1600</load_address>
         <run_address>0x1600</run_address>
         <size>0x1c0</size>
         <input_file_ref idref="fl-8e"/>
      </object_component>
      <object_component id="oc-9b">
         <name>.text:_MCBSP_reset</name>
         <load_address>0x17c0</load_address>
         <run_address>0x17c0</run_address>
         <size>0x1a0</size>
         <input_file_ref idref="fl-8f"/>
      </object_component>
      <object_component id="oc-7b">
         <name>.text</name>
         <load_address>0x1960</load_address>
         <run_address>0x1960</run_address>
         <size>0x1a0</size>
         <input_file_ref idref="fl-96"/>
      </object_component>
      <object_component id="oc-6b">
         <name>.text</name>
         <load_address>0x1b00</load_address>
         <run_address>0x1b00</run_address>
         <size>0x160</size>
         <input_file_ref idref="fl-93"/>
      </object_component>
      <object_component id="oc-25">
         <name>.text:retain</name>
         <load_address>0x1c60</load_address>
         <run_address>0x1c60</run_address>
         <size>0x140</size>
         <input_file_ref idref="fl-6"/>
      </object_component>
      <object_component id="oc-89">
         <name>.text:_MCBSP_open</name>
         <load_address>0x1da0</load_address>
         <run_address>0x1da0</run_address>
         <size>0x100</size>
         <input_file_ref idref="fl-8f"/>
      </object_component>
      <object_component id="oc-8a">
         <name>.text:_MCBSP_start</name>
         <load_address>0x1ea0</load_address>
         <run_address>0x1ea0</run_address>
         <size>0x100</size>
         <input_file_ref idref="fl-8f"/>
      </object_component>
      <object_component id="oc-83">
         <name>.text:__auto_init</name>
         <load_address>0x1fa0</load_address>
         <run_address>0x1fa0</run_address>
         <size>0x100</size>
         <input_file_ref idref="fl-8a"/>
      </object_component>
      <object_component id="oc-87">
         <name>.text:__strasg</name>
         <load_address>0x20a0</load_address>
         <run_address>0x20a0</run_address>
         <size>0xe0</size>
         <input_file_ref idref="fl-97"/>
      </object_component>
      <object_component id="oc-85">
         <name>.text:_exit</name>
         <load_address>0x2180</load_address>
         <run_address>0x2180</run_address>
         <size>0xe0</size>
         <input_file_ref idref="fl-88"/>
      </object_component>
      <object_component id="oc-8e">
         <name>.text</name>
         <load_address>0x2260</load_address>
         <run_address>0x2260</run_address>
         <size>0xe0</size>
         <input_file_ref idref="fl-8"/>
      </object_component>
      <object_component id="oc-8b">
         <name>.text:_copy_in</name>
         <load_address>0x2340</load_address>
         <run_address>0x2340</run_address>
         <size>0xc0</size>
         <input_file_ref idref="fl-8c"/>
      </object_component>
      <object_component id="oc-9e">
         <name>.text</name>
         <load_address>0x2400</load_address>
         <run_address>0x2400</run_address>
         <size>0xc0</size>
         <input_file_ref idref="fl-6"/>
      </object_component>
      <object_component id="oc-14">
         <name>.text</name>
         <load_address>0x24c0</load_address>
         <run_address>0x24c0</run_address>
         <size>0xc0</size>
         <input_file_ref idref="fl-3"/>
      </object_component>
      <object_component id="oc-71">
         <name>.text</name>
         <load_address>0x2580</load_address>
         <run_address>0x2580</run_address>
         <size>0xc0</size>
         <input_file_ref idref="fl-94"/>
      </object_component>
      <object_component id="oc-88">
         <name>.text:_MCBSP_close</name>
         <load_address>0x2640</load_address>
         <run_address>0x2640</run_address>
         <size>0xa0</size>
         <input_file_ref idref="fl-8f"/>
      </object_component>
      <object_component id="oc-90">
         <name>.text:_MCBSP_config</name>
         <load_address>0x26e0</load_address>
         <run_address>0x26e0</run_address>
         <size>0xa0</size>
         <input_file_ref idref="fl-8f"/>
      </object_component>
      <object_component id="oc-9f">
         <name>.text:_setMux</name>
         <load_address>0x2780</load_address>
         <run_address>0x2780</run_address>
         <size>0xa0</size>
         <input_file_ref idref="fl-8e"/>
      </object_component>
      <object_component id="oc-8d">
         <name>.text:___TI_cpp_init</name>
         <load_address>0x2820</load_address>
         <run_address>0x2820</run_address>
         <size>0x80</size>
         <input_file_ref idref="fl-8b"/>
      </object_component>
      <object_component id="oc-e">
         <name>.text:_c_int00</name>
         <load_address>0x28a0</load_address>
         <run_address>0x28a0</run_address>
         <size>0x80</size>
         <input_file_ref idref="fl-87"/>
      </object_component>
      <object_component id="oc-61">
         <name>.text</name>
         <load_address>0x2920</load_address>
         <run_address>0x2920</run_address>
         <size>0x80</size>
         <input_file_ref idref="fl-91"/>
      </object_component>
      <object_component id="oc-77">
         <name>.text</name>
         <load_address>0x29a0</load_address>
         <run_address>0x29a0</run_address>
         <size>0x80</size>
         <input_file_ref idref="fl-95"/>
      </object_component>
      <object_component id="oc-98">
         <name>.text:_IRQ_reset</name>
         <load_address>0x2a20</load_address>
         <run_address>0x2a20</run_address>
         <size>0x40</size>
         <input_file_ref idref="fl-8e"/>
      </object_component>
      <object_component id="oc-84">
         <name>.text:__args_main</name>
         <load_address>0x2a60</load_address>
         <run_address>0x2a60</run_address>
         <size>0x40</size>
         <input_file_ref idref="fl-89"/>
      </object_component>
      <object_component id="oc-34">
         <name>.text:retain</name>
         <load_address>0x2aa0</load_address>
         <run_address>0x2aa0</run_address>
         <size>0x40</size>
         <input_file_ref idref="fl-9"/>
      </object_component>
      <object_component id="oc-f">
         <name>.text</name>
         <load_address>0x2ae0</load_address>
         <run_address>0x2ae0</run_address>
         <size>0x20</size>
         <input_file_ref idref="fl-2"/>
      </object_component>
      <object_component id="oc-9d">
         <name>.text:_IRQ_clear</name>
         <load_address>0x2b00</load_address>
         <run_address>0x2b00</run_address>
         <size>0x20</size>
         <input_file_ref idref="fl-8e"/>
      </object_component>
      <object_component id="oc-95">
         <name>.text:_IRQ_globalDisable</name>
         <load_address>0x2b20</load_address>
         <run_address>0x2b20</run_address>
         <size>0x20</size>
         <input_file_ref idref="fl-8e"/>
      </object_component>
      <object_component id="oc-99">
         <name>.text:_IRQ_globalEnable</name>
         <load_address>0x2b40</load_address>
         <run_address>0x2b40</run_address>
         <size>0x20</size>
         <input_file_ref idref="fl-8e"/>
      </object_component>
      <object_component id="oc-9a">
         <name>.text:_IRQ_nmiEnable</name>
         <load_address>0x2b60</load_address>
         <run_address>0x2b60</run_address>
         <size>0x20</size>
         <input_file_ref idref="fl-8e"/>
      </object_component>
      <object_component id="oc-a0">
         <name>.text:_MCBSP_enableRcv</name>
         <load_address>0x2b80</load_address>
         <run_address>0x2b80</run_address>
         <size>0x20</size>
         <input_file_ref idref="fl-8f"/>
      </object_component>
      <object_component id="oc-a2">
         <name>.text:_MCBSP_enableSrgr</name>
         <load_address>0x2ba0</load_address>
         <run_address>0x2ba0</run_address>
         <size>0x20</size>
         <input_file_ref idref="fl-8f"/>
      </object_component>
      <object_component id="oc-a1">
         <name>.text:_MCBSP_enableXmt</name>
         <load_address>0x2bc0</load_address>
         <run_address>0x2bc0</run_address>
         <size>0x20</size>
         <input_file_ref idref="fl-8f"/>
      </object_component>
      <object_component id="oc-96">
         <name>.text:_MCBSP_getXmtEventId</name>
         <load_address>0x2be0</load_address>
         <run_address>0x2be0</run_address>
         <size>0x20</size>
         <input_file_ref idref="fl-8f"/>
      </object_component>
      <object_component id="oc-94">
         <name>.text:_MCBSP_read</name>
         <load_address>0x2c00</load_address>
         <run_address>0x2c00</run_address>
         <size>0x20</size>
         <input_file_ref idref="fl-8f"/>
      </object_component>
      <object_component id="oc-93">
         <name>.text:_MCBSP_rrdy</name>
         <load_address>0x2c20</load_address>
         <run_address>0x2c20</run_address>
         <size>0x20</size>
         <input_file_ref idref="fl-8f"/>
      </object_component>
      <object_component id="oc-92">
         <name>.text:_MCBSP_write</name>
         <load_address>0x2c40</load_address>
         <run_address>0x2c40</run_address>
         <size>0x20</size>
         <input_file_ref idref="fl-8f"/>
      </object_component>
      <object_component id="oc-91">
         <name>.text:_MCBSP_xrdy</name>
         <load_address>0x2c60</load_address>
         <run_address>0x2c60</run_address>
         <size>0x20</size>
         <input_file_ref idref="fl-8f"/>
      </object_component>
      <object_component id="oc-8f">
         <name>.text:_abort</name>
         <load_address>0x2c80</load_address>
         <run_address>0x2c80</run_address>
         <size>0x20</size>
         <input_file_ref idref="fl-88"/>
      </object_component>
      <object_component id="oc-50">
         <name>.text</name>
         <load_address>0x2ca0</load_address>
         <run_address>0x2ca0</run_address>
         <size>0x20</size>
         <input_file_ref idref="fl-8e"/>
      </object_component>
      <object_component id="oc-18">
         <name>.text</name>
         <load_address>0x2cc0</load_address>
         <run_address>0x2cc0</run_address>
         <size>0x20</size>
         <input_file_ref idref="fl-4"/>
      </object_component>
      <object_component id="oc-51">
         <name>.cinit</name>
         <load_address>0x3ce0</load_address>
         <run_address>0x3ce0</run_address>
         <size>0x12c</size>
         <input_file_ref idref="fl-8e"/>
      </object_component>
      <object_component id="oc-1d">
         <name>.cinit</name>
         <load_address>0x3e10</load_address>
         <run_address>0x3e10</run_address>
         <size>0x58</size>
         <input_file_ref idref="fl-5"/>
      </object_component>
      <object_component id="oc-56">
         <name>.cinit</name>
         <load_address>0x3e68</load_address>
         <run_address>0x3e68</run_address>
         <size>0x54</size>
         <input_file_ref idref="fl-8f"/>
      </object_component>
      <object_component id="oc-6c">
         <name>.cinit</name>
         <load_address>0x3ec0</load_address>
         <run_address>0x3ec0</run_address>
         <size>0x30</size>
         <input_file_ref idref="fl-93"/>
      </object_component>
      <object_component id="oc-3d">
         <name>.cinit</name>
         <load_address>0x3ef0</load_address>
         <run_address>0x3ef0</run_address>
         <size>0x2c</size>
         <input_file_ref idref="fl-88"/>
      </object_component>
      <object_component id="oc-23">
         <name>.cinit</name>
         <load_address>0x3f20</load_address>
         <run_address>0x3f20</run_address>
         <size>0x2a</size>
         <input_file_ref idref="fl-6"/>
      </object_component>
      <object_component id="oc-72">
         <name>.cinit</name>
         <load_address>0x3f50</load_address>
         <run_address>0x3f50</run_address>
         <size>0x28</size>
         <input_file_ref idref="fl-94"/>
      </object_component>
      <object_component id="oc-32">
         <name>.cinit</name>
         <load_address>0x3f78</load_address>
         <run_address>0x3f78</run_address>
         <size>0x28</size>
         <input_file_ref idref="fl-9"/>
      </object_component>
      <object_component id="oc-2a">
         <name>.cinit</name>
         <load_address>0x3fa0</load_address>
         <run_address>0x3fa0</run_address>
         <size>0xc</size>
         <input_file_ref idref="fl-7"/>
      </object_component>
      <object_component id="oc-39">
         <name>.stack</name>
         <uninitialized>true</uninitialized>
         <run_address>0x2ce0</run_address>
         <size>0x8</size>
         <input_file_ref idref="fl-87"/>
      </object_component>
      <object_component id="oc-b8">
         <name>.stack</name>
         <uninitialized>true</uninitialized>
         <run_address>0x2ce0</run_address>
         <size>0x0</size>
      </object_component>
      <object_component id="oc-67">
         <name>.const</name>
         <load_address>0x41d4</load_address>
         <run_address>0x41d4</run_address>
         <size>0x40</size>
         <input_file_ref idref="fl-92"/>
      </object_component>
      <object_component id="oc-5d">
         <name>.const</name>
         <load_address>0x4214</load_address>
         <run_address>0x4214</run_address>
         <size>0x20</size>
         <input_file_ref idref="fl-90"/>
      </object_component>
      <object_component id="oc-1e">
         <name>.far</name>
         <uninitialized>true</uninitialized>
         <run_address>0x40a8</run_address>
         <size>0x58</size>
         <input_file_ref idref="fl-5"/>
      </object_component>
      <object_component id="oc-24">
         <name>.far</name>
         <uninitialized>true</uninitialized>
         <run_address>0x41a8</run_address>
         <size>0x12</size>
         <input_file_ref idref="fl-6"/>
      </object_component>
      <object_component id="oc-2b">
         <name>.far</name>
         <uninitialized>true</uninitialized>
         <run_address>0x41d0</run_address>
         <size>0x4</size>
         <input_file_ref idref="fl-7"/>
      </object_component>
      <object_component id="oc-33">
         <name>.far</name>
         <uninitialized>true</uninitialized>
         <run_address>0x4160</run_address>
         <size>0x25</size>
         <input_file_ref idref="fl-9"/>
      </object_component>
      <object_component id="oc-3e">
         <name>.far</name>
         <uninitialized>true</uninitialized>
         <run_address>0x41bc</run_address>
         <size>0xc</size>
         <input_file_ref idref="fl-88"/>
      </object_component>
      <object_component id="oc-52">
         <name>.far</name>
         <uninitialized>true</uninitialized>
         <run_address>0x3fb4</run_address>
         <size>0xf4</size>
         <input_file_ref idref="fl-8e"/>
      </object_component>
      <object_component id="oc-57">
         <name>.far</name>
         <uninitialized>true</uninitialized>
         <run_address>0x4100</run_address>
         <size>0x38</size>
         <input_file_ref idref="fl-8f"/>
      </object_component>
      <object_component id="oc-5c">
         <name>.far</name>
         <uninitialized>true</uninitialized>
         <run_address>0x4186</run_address>
         <size>0x2</size>
         <input_file_ref idref="fl-90"/>
      </object_component>
      <object_component id="oc-66">
         <name>.far</name>
         <uninitialized>true</uninitialized>
         <run_address>0x41c8</run_address>
         <size>0x8</size>
         <input_file_ref idref="fl-92"/>
      </object_component>
      <object_component id="oc-6d">
         <name>.far</name>
         <uninitialized>true</uninitialized>
         <run_address>0x4138</run_address>
         <size>0x28</size>
         <input_file_ref idref="fl-93"/>
      </object_component>
      <object_component id="oc-73">
         <name>.far</name>
         <uninitialized>true</uninitialized>
         <run_address>0x4188</run_address>
         <size>0x20</size>
         <input_file_ref idref="fl-94"/>
      </object_component>
      <object_component id="oc-7c">
         <name>.far</name>
         <uninitialized>true</uninitialized>
         <run_address>0x41ba</run_address>
         <size>0x2</size>
         <input_file_ref idref="fl-96"/>
      </object_component>
      <object_component id="oc-11">
         <name>.debug_info</name>
         <load_address>0x0</load_address>
         <run_address>0x0</run_address>
         <size>0x131</size>
         <input_file_ref idref="fl-2"/>
      </object_component>
      <object_component id="oc-15">
         <name>.debug_info</name>
         <load_address>0x131</load_address>
         <run_address>0x131</run_address>
         <size>0xf6</size>
         <input_file_ref idref="fl-3"/>
      </object_component>
      <object_component id="oc-19">
         <name>.debug_info</name>
         <load_address>0x227</load_address>
         <run_address>0x227</run_address>
         <size>0xee</size>
         <input_file_ref idref="fl-4"/>
      </object_component>
      <object_component id="oc-1c">
         <name>.debug_info</name>
         <load_address>0x315</load_address>
         <run_address>0x315</run_address>
         <size>0x16a0</size>
         <input_file_ref idref="fl-5"/>
      </object_component>
      <object_component id="oc-22">
         <name>.debug_info</name>
         <load_address>0x19b5</load_address>
         <run_address>0x19b5</run_address>
         <size>0xb69</size>
         <input_file_ref idref="fl-6"/>
      </object_component>
      <object_component id="oc-29">
         <name>.debug_info</name>
         <load_address>0x251e</load_address>
         <run_address>0x251e</run_address>
         <size>0x7ab</size>
         <input_file_ref idref="fl-7"/>
      </object_component>
      <object_component id="oc-2d">
         <name>.debug_info</name>
         <load_address>0x2cc9</load_address>
         <run_address>0x2cc9</run_address>
         <size>0xa73</size>
         <input_file_ref idref="fl-8"/>
      </object_component>
      <object_component id="oc-31">
         <name>.debug_info</name>
         <load_address>0x373c</load_address>
         <run_address>0x373c</run_address>
         <size>0xda7</size>
         <input_file_ref idref="fl-9"/>
      </object_component>
      <object_component id="oc-38">
         <name>.debug_info</name>
         <load_address>0x44e3</load_address>
         <run_address>0x44e3</run_address>
         <size>0x70b</size>
         <input_file_ref idref="fl-87"/>
      </object_component>
      <object_component id="oc-3c">
         <name>.debug_info</name>
         <load_address>0x4bee</load_address>
         <run_address>0x4bee</run_address>
         <size>0x7ff</size>
         <input_file_ref idref="fl-88"/>
      </object_component>
      <object_component id="oc-41">
         <name>.debug_info</name>
         <load_address>0x53ed</load_address>
         <run_address>0x53ed</run_address>
         <size>0x6e1</size>
         <input_file_ref idref="fl-89"/>
      </object_component>
      <object_component id="oc-44">
         <name>.debug_info</name>
         <load_address>0x5ace</load_address>
         <run_address>0x5ace</run_address>
         <size>0x871</size>
         <input_file_ref idref="fl-8a"/>
      </object_component>
      <object_component id="oc-47">
         <name>.debug_info</name>
         <load_address>0x633f</load_address>
         <run_address>0x633f</run_address>
         <size>0x6e9</size>
         <input_file_ref idref="fl-8b"/>
      </object_component>
      <object_component id="oc-4a">
         <name>.debug_info</name>
         <load_address>0x6a28</load_address>
         <run_address>0x6a28</run_address>
         <size>0x7df</size>
         <input_file_ref idref="fl-8c"/>
      </object_component>
      <object_component id="oc-4d">
         <name>.debug_info</name>
         <load_address>0x7207</load_address>
         <run_address>0x7207</run_address>
         <size>0x792</size>
         <input_file_ref idref="fl-8d"/>
      </object_component>
      <object_component id="oc-54">
         <name>.debug_info</name>
         <load_address>0x7999</load_address>
         <run_address>0x7999</run_address>
         <size>0xcc3</size>
         <input_file_ref idref="fl-8e"/>
      </object_component>
      <object_component id="oc-59">
         <name>.debug_info</name>
         <load_address>0x865c</load_address>
         <run_address>0x865c</run_address>
         <size>0x1168</size>
         <input_file_ref idref="fl-8f"/>
      </object_component>
      <object_component id="oc-5f">
         <name>.debug_info</name>
         <load_address>0x97c4</load_address>
         <run_address>0x97c4</run_address>
         <size>0xa4e</size>
         <input_file_ref idref="fl-90"/>
      </object_component>
      <object_component id="oc-63">
         <name>.debug_info</name>
         <load_address>0xa212</load_address>
         <run_address>0xa212</run_address>
         <size>0x7c9</size>
         <input_file_ref idref="fl-91"/>
      </object_component>
      <object_component id="oc-69">
         <name>.debug_info</name>
         <load_address>0xa9db</load_address>
         <run_address>0xa9db</run_address>
         <size>0xa20</size>
         <input_file_ref idref="fl-92"/>
      </object_component>
      <object_component id="oc-6f">
         <name>.debug_info</name>
         <load_address>0xb3fb</load_address>
         <run_address>0xb3fb</run_address>
         <size>0xaa0</size>
         <input_file_ref idref="fl-93"/>
      </object_component>
      <object_component id="oc-75">
         <name>.debug_info</name>
         <load_address>0xbe9b</load_address>
         <run_address>0xbe9b</run_address>
         <size>0x723</size>
         <input_file_ref idref="fl-94"/>
      </object_component>
      <object_component id="oc-79">
         <name>.debug_info</name>
         <load_address>0xc5be</load_address>
         <run_address>0xc5be</run_address>
         <size>0x632</size>
         <input_file_ref idref="fl-95"/>
      </object_component>
      <object_component id="oc-7e">
         <name>.debug_info</name>
         <load_address>0xcbf0</load_address>
         <run_address>0xcbf0</run_address>
         <size>0x787</size>
         <input_file_ref idref="fl-96"/>
      </object_component>
      <object_component id="oc-80">
         <name>.debug_info</name>
         <load_address>0xd377</load_address>
         <run_address>0xd377</run_address>
         <size>0xd6</size>
         <input_file_ref idref="fl-97"/>
      </object_component>
      <object_component id="oc-b9">
         <name>.debug_info</name>
         <load_address>0xd44d</load_address>
         <run_address>0xd44d</run_address>
         <size>0x6e</size>
      </object_component>
      <object_component id="oc-12">
         <name>.debug_line</name>
         <load_address>0x0</load_address>
         <run_address>0x0</run_address>
         <size>0xd8</size>
         <input_file_ref idref="fl-2"/>
      </object_component>
      <object_component id="oc-16">
         <name>.debug_line</name>
         <load_address>0xd8</load_address>
         <run_address>0xd8</run_address>
         <size>0x6b</size>
         <input_file_ref idref="fl-3"/>
      </object_component>
      <object_component id="oc-1a">
         <name>.debug_line</name>
         <load_address>0x143</load_address>
         <run_address>0x143</run_address>
         <size>0x4a</size>
         <input_file_ref idref="fl-4"/>
      </object_component>
      <object_component id="oc-20">
         <name>.debug_line</name>
         <load_address>0x18d</load_address>
         <run_address>0x18d</run_address>
         <size>0x188</size>
         <input_file_ref idref="fl-5"/>
      </object_component>
      <object_component id="oc-27">
         <name>.debug_line</name>
         <load_address>0x315</load_address>
         <run_address>0x315</run_address>
         <size>0xa0</size>
         <input_file_ref idref="fl-6"/>
      </object_component>
      <object_component id="oc-2f">
         <name>.debug_line</name>
         <load_address>0x3b5</load_address>
         <run_address>0x3b5</run_address>
         <size>0x6e</size>
         <input_file_ref idref="fl-8"/>
      </object_component>
      <object_component id="oc-36">
         <name>.debug_line</name>
         <load_address>0x423</load_address>
         <run_address>0x423</run_address>
         <size>0xd8</size>
         <input_file_ref idref="fl-9"/>
      </object_component>
      <object_component id="oc-3a">
         <name>.debug_line</name>
         <load_address>0x4fb</load_address>
         <run_address>0x4fb</run_address>
         <size>0x3d</size>
         <input_file_ref idref="fl-87"/>
      </object_component>
      <object_component id="oc-3f">
         <name>.debug_line</name>
         <load_address>0x538</load_address>
         <run_address>0x538</run_address>
         <size>0x4f</size>
         <input_file_ref idref="fl-88"/>
      </object_component>
      <object_component id="oc-42">
         <name>.debug_line</name>
         <load_address>0x587</load_address>
         <run_address>0x587</run_address>
         <size>0x41</size>
         <input_file_ref idref="fl-89"/>
      </object_component>
      <object_component id="oc-45">
         <name>.debug_line</name>
         <load_address>0x5c8</load_address>
         <run_address>0x5c8</run_address>
         <size>0x47</size>
         <input_file_ref idref="fl-8a"/>
      </object_component>
      <object_component id="oc-48">
         <name>.debug_line</name>
         <load_address>0x60f</load_address>
         <run_address>0x60f</run_address>
         <size>0x45</size>
         <input_file_ref idref="fl-8b"/>
      </object_component>
      <object_component id="oc-4b">
         <name>.debug_line</name>
         <load_address>0x654</load_address>
         <run_address>0x654</run_address>
         <size>0x44</size>
         <input_file_ref idref="fl-8c"/>
      </object_component>
      <object_component id="oc-4e">
         <name>.debug_line</name>
         <load_address>0x698</load_address>
         <run_address>0x698</run_address>
         <size>0x4e</size>
         <input_file_ref idref="fl-8d"/>
      </object_component>
      <object_component id="oc-55">
         <name>.debug_line</name>
         <load_address>0x6e6</load_address>
         <run_address>0x6e6</run_address>
         <size>0x109</size>
         <input_file_ref idref="fl-8e"/>
      </object_component>
      <object_component id="oc-5a">
         <name>.debug_line</name>
         <load_address>0x7ef</load_address>
         <run_address>0x7ef</run_address>
         <size>0x19b</size>
         <input_file_ref idref="fl-8f"/>
      </object_component>
      <object_component id="oc-60">
         <name>.debug_line</name>
         <load_address>0x98a</load_address>
         <run_address>0x98a</run_address>
         <size>0xb2</size>
         <input_file_ref idref="fl-90"/>
      </object_component>
      <object_component id="oc-64">
         <name>.debug_line</name>
         <load_address>0xa3c</load_address>
         <run_address>0xa3c</run_address>
         <size>0x4c</size>
         <input_file_ref idref="fl-91"/>
      </object_component>
      <object_component id="oc-6a">
         <name>.debug_line</name>
         <load_address>0xa88</load_address>
         <run_address>0xa88</run_address>
         <size>0x4f</size>
         <input_file_ref idref="fl-92"/>
      </object_component>
      <object_component id="oc-70">
         <name>.debug_line</name>
         <load_address>0xad7</load_address>
         <run_address>0xad7</run_address>
         <size>0x7e</size>
         <input_file_ref idref="fl-93"/>
      </object_component>
      <object_component id="oc-76">
         <name>.debug_line</name>
         <load_address>0xb55</load_address>
         <run_address>0xb55</run_address>
         <size>0x50</size>
         <input_file_ref idref="fl-94"/>
      </object_component>
      <object_component id="oc-7a">
         <name>.debug_line</name>
         <load_address>0xba5</load_address>
         <run_address>0xba5</run_address>
         <size>0x53</size>
         <input_file_ref idref="fl-95"/>
      </object_component>
      <object_component id="oc-7f">
         <name>.debug_line</name>
         <load_address>0xbf8</load_address>
         <run_address>0xbf8</run_address>
         <size>0x77</size>
         <input_file_ref idref="fl-96"/>
      </object_component>
      <object_component id="oc-81">
         <name>.debug_line</name>
         <load_address>0xc6f</load_address>
         <run_address>0xc6f</run_address>
         <size>0x48</size>
         <input_file_ref idref="fl-97"/>
      </object_component>
      <object_component id="oc-13">
         <name>.debug_abbrev</name>
         <load_address>0x0</load_address>
         <run_address>0x0</run_address>
         <size>0x21</size>
         <input_file_ref idref="fl-2"/>
      </object_component>
      <object_component id="oc-17">
         <name>.debug_abbrev</name>
         <load_address>0x21</load_address>
         <run_address>0x21</run_address>
         <size>0x27</size>
         <input_file_ref idref="fl-3"/>
      </object_component>
      <object_component id="oc-1b">
         <name>.debug_abbrev</name>
         <load_address>0x48</load_address>
         <run_address>0x48</run_address>
         <size>0x27</size>
         <input_file_ref idref="fl-4"/>
      </object_component>
      <object_component id="oc-21">
         <name>.debug_abbrev</name>
         <load_address>0x6f</load_address>
         <run_address>0x6f</run_address>
         <size>0x18e</size>
         <input_file_ref idref="fl-5"/>
      </object_component>
      <object_component id="oc-28">
         <name>.debug_abbrev</name>
         <load_address>0x1fd</load_address>
         <run_address>0x1fd</run_address>
         <size>0x16f</size>
         <input_file_ref idref="fl-6"/>
      </object_component>
      <object_component id="oc-2c">
         <name>.debug_abbrev</name>
         <load_address>0x36c</load_address>
         <run_address>0x36c</run_address>
         <size>0x97</size>
         <input_file_ref idref="fl-7"/>
      </object_component>
      <object_component id="oc-30">
         <name>.debug_abbrev</name>
         <load_address>0x403</load_address>
         <run_address>0x403</run_address>
         <size>0x14d</size>
         <input_file_ref idref="fl-8"/>
      </object_component>
      <object_component id="oc-37">
         <name>.debug_abbrev</name>
         <load_address>0x550</load_address>
         <run_address>0x550</run_address>
         <size>0x17c</size>
         <input_file_ref idref="fl-9"/>
      </object_component>
      <object_component id="oc-3b">
         <name>.debug_abbrev</name>
         <load_address>0x6cc</load_address>
         <run_address>0x6cc</run_address>
         <size>0xfe</size>
         <input_file_ref idref="fl-87"/>
      </object_component>
      <object_component id="oc-40">
         <name>.debug_abbrev</name>
         <load_address>0x7ca</load_address>
         <run_address>0x7ca</run_address>
         <size>0x119</size>
         <input_file_ref idref="fl-88"/>
      </object_component>
      <object_component id="oc-43">
         <name>.debug_abbrev</name>
         <load_address>0x8e3</load_address>
         <run_address>0x8e3</run_address>
         <size>0xe1</size>
         <input_file_ref idref="fl-89"/>
      </object_component>
      <object_component id="oc-46">
         <name>.debug_abbrev</name>
         <load_address>0x9c4</load_address>
         <run_address>0x9c4</run_address>
         <size>0x13f</size>
         <input_file_ref idref="fl-8a"/>
      </object_component>
      <object_component id="oc-49">
         <name>.debug_abbrev</name>
         <load_address>0xb03</load_address>
         <run_address>0xb03</run_address>
         <size>0xdd</size>
         <input_file_ref idref="fl-8b"/>
      </object_component>
      <object_component id="oc-4c">
         <name>.debug_abbrev</name>
         <load_address>0xbe0</load_address>
         <run_address>0xbe0</run_address>
         <size>0x10c</size>
         <input_file_ref idref="fl-8c"/>
      </object_component>
      <object_component id="oc-4f">
         <name>.debug_abbrev</name>
         <load_address>0xcec</load_address>
         <run_address>0xcec</run_address>
         <size>0xd5</size>
         <input_file_ref idref="fl-8d"/>
      </object_component>
      <object_component id="oc-53">
         <name>.debug_abbrev</name>
         <load_address>0xdc1</load_address>
         <run_address>0xdc1</run_address>
         <size>0x1b7</size>
         <input_file_ref idref="fl-8e"/>
      </object_component>
      <object_component id="oc-58">
         <name>.debug_abbrev</name>
         <load_address>0xf78</load_address>
         <run_address>0xf78</run_address>
         <size>0x1a3</size>
         <input_file_ref idref="fl-8f"/>
      </object_component>
      <object_component id="oc-5e">
         <name>.debug_abbrev</name>
         <load_address>0x111b</load_address>
         <run_address>0x111b</run_address>
         <size>0x19a</size>
         <input_file_ref idref="fl-90"/>
      </object_component>
      <object_component id="oc-62">
         <name>.debug_abbrev</name>
         <load_address>0x12b5</load_address>
         <run_address>0x12b5</run_address>
         <size>0xd9</size>
         <input_file_ref idref="fl-91"/>
      </object_component>
      <object_component id="oc-68">
         <name>.debug_abbrev</name>
         <load_address>0x138e</load_address>
         <run_address>0x138e</run_address>
         <size>0x12a</size>
         <input_file_ref idref="fl-92"/>
      </object_component>
      <object_component id="oc-6e">
         <name>.debug_abbrev</name>
         <load_address>0x14b8</load_address>
         <run_address>0x14b8</run_address>
         <size>0x152</size>
         <input_file_ref idref="fl-93"/>
      </object_component>
      <object_component id="oc-74">
         <name>.debug_abbrev</name>
         <load_address>0x160a</load_address>
         <run_address>0x160a</run_address>
         <size>0xf5</size>
         <input_file_ref idref="fl-94"/>
      </object_component>
      <object_component id="oc-78">
         <name>.debug_abbrev</name>
         <load_address>0x16ff</load_address>
         <run_address>0x16ff</run_address>
         <size>0xd3</size>
         <input_file_ref idref="fl-95"/>
      </object_component>
      <object_component id="oc-7d">
         <name>.debug_abbrev</name>
         <load_address>0x17d2</load_address>
         <run_address>0x17d2</run_address>
         <size>0xde</size>
         <input_file_ref idref="fl-96"/>
      </object_component>
      <object_component id="oc-82">
         <name>.debug_abbrev</name>
         <load_address>0x18b0</load_address>
         <run_address>0x18b0</run_address>
         <size>0x3b</size>
         <input_file_ref idref="fl-97"/>
      </object_component>
      <object_component id="oc-ba">
         <name>.debug_abbrev</name>
         <load_address>0x18eb</load_address>
         <run_address>0x18eb</run_address>
         <size>0xd</size>
      </object_component>
      <object_component id="oc-1f">
         <name>.debug_frame</name>
         <load_address>0x0</load_address>
         <run_address>0x0</run_address>
         <size>0x36d</size>
         <input_file_ref idref="fl-5"/>
      </object_component>
      <object_component id="oc-26">
         <name>.debug_frame</name>
         <load_address>0x36d</load_address>
         <run_address>0x36d</run_address>
         <size>0x313</size>
         <input_file_ref idref="fl-6"/>
      </object_component>
      <object_component id="oc-2e">
         <name>.debug_frame</name>
         <load_address>0x680</load_address>
         <run_address>0x680</run_address>
         <size>0x277</size>
         <input_file_ref idref="fl-8"/>
      </object_component>
      <object_component id="oc-35">
         <name>.debug_frame</name>
         <load_address>0x8f7</load_address>
         <run_address>0x8f7</run_address>
         <size>0x2f8</size>
         <input_file_ref idref="fl-9"/>
      </object_component>
   </object_component_list>
   <logical_group_list>
      <logical_group id="lg-2">
         <name>.EXT_RAM</name>
         <run_address>0x0</run_address>
         <size>0x0</size>
         <contents>
         </contents>
      </logical_group>
      <logical_group id="lg-3">
         <name>.vectors</name>
         <load_address>0x0</load_address>
         <run_address>0x0</run_address>
         <size>0x200</size>
         <contents>
            <object_component_ref idref="oc-10"/>
         </contents>
      </logical_group>
      <logical_group id="lg-4">
         <name>.text</name>
         <load_address>0x220</load_address>
         <run_address>0x220</run_address>
         <size>0x2ac0</size>
         <contents>
            <object_component_ref idref="oc-86"/>
            <object_component_ref idref="oc-5b"/>
            <object_component_ref idref="oc-65"/>
            <object_component_ref idref="oc-8c"/>
            <object_component_ref idref="oc-9c"/>
            <object_component_ref idref="oc-97"/>
            <object_component_ref idref="oc-9b"/>
            <object_component_ref idref="oc-7b"/>
            <object_component_ref idref="oc-6b"/>
            <object_component_ref idref="oc-25"/>
            <object_component_ref idref="oc-89"/>
            <object_component_ref idref="oc-8a"/>
            <object_component_ref idref="oc-83"/>
            <object_component_ref idref="oc-87"/>
            <object_component_ref idref="oc-85"/>
            <object_component_ref idref="oc-8e"/>
            <object_component_ref idref="oc-8b"/>
            <object_component_ref idref="oc-9e"/>
            <object_component_ref idref="oc-14"/>
            <object_component_ref idref="oc-71"/>
            <object_component_ref idref="oc-88"/>
            <object_component_ref idref="oc-90"/>
            <object_component_ref idref="oc-9f"/>
            <object_component_ref idref="oc-8d"/>
            <object_component_ref idref="oc-e"/>
            <object_component_ref idref="oc-61"/>
            <object_component_ref idref="oc-77"/>
            <object_component_ref idref="oc-98"/>
            <object_component_ref idref="oc-84"/>
            <object_component_ref idref="oc-34"/>
            <object_component_ref idref="oc-f"/>
            <object_component_ref idref="oc-9d"/>
            <object_component_ref idref="oc-95"/>
            <object_component_ref idref="oc-99"/>
            <object_component_ref idref="oc-9a"/>
            <object_component_ref idref="oc-a0"/>
            <object_component_ref idref="oc-a2"/>
            <object_component_ref idref="oc-a1"/>
            <object_component_ref idref="oc-96"/>
            <object_component_ref idref="oc-94"/>
            <object_component_ref idref="oc-93"/>
            <object_component_ref idref="oc-92"/>
            <object_component_ref idref="oc-91"/>
            <object_component_ref idref="oc-8f"/>
            <object_component_ref idref="oc-50"/>
            <object_component_ref idref="oc-18"/>
         </contents>
      </logical_group>
      <logical_group id="lg-5">
         <name>.bss</name>
         <run_address>0x220</run_address>
         <size>0x0</size>
         <contents>
         </contents>
      </logical_group>
      <logical_group id="lg-6">
         <name>.cinit</name>
         <load_address>0x3ce0</load_address>
         <run_address>0x3ce0</run_address>
         <size>0x2d4</size>
         <contents>
            <object_component_ref idref="oc-51"/>
            <object_component_ref idref="oc-1d"/>
            <object_component_ref idref="oc-56"/>
            <object_component_ref idref="oc-6c"/>
            <object_component_ref idref="oc-3d"/>
            <object_component_ref idref="oc-23"/>
            <object_component_ref idref="oc-72"/>
            <object_component_ref idref="oc-32"/>
            <object_component_ref idref="oc-2a"/>
         </contents>
      </logical_group>
      <logical_group id="lg-7">
         <name>.stack</name>
         <run_address>0x2ce0</run_address>
         <size>0x1000</size>
         <contents>
            <object_component_ref idref="oc-39"/>
            <object_component_ref idref="oc-b8"/>
         </contents>
      </logical_group>
      <logical_group id="lg-8">
         <name>.sysmem</name>
         <run_address>0x0</run_address>
         <size>0x0</size>
         <contents>
         </contents>
      </logical_group>
      <logical_group id="lg-9">
         <name>.const</name>
         <load_address>0x41d4</load_address>
         <run_address>0x41d4</run_address>
         <size>0x60</size>
         <contents>
            <object_component_ref idref="oc-67"/>
            <object_component_ref idref="oc-5d"/>
         </contents>
      </logical_group>
      <logical_group id="lg-a">
         <name>.switch</name>
         <run_address>0x0</run_address>
         <size>0x0</size>
         <contents>
         </contents>
      </logical_group>
      <logical_group id="lg-b">
         <name>.far</name>
         <run_address>0x3fb4</run_address>
         <size>0x220</size>
         <contents>
            <object_component_ref idref="oc-1e"/>
            <object_component_ref idref="oc-24"/>
            <object_component_ref idref="oc-2b"/>
            <object_component_ref idref="oc-33"/>
            <object_component_ref idref="oc-3e"/>
            <object_component_ref idref="oc-52"/>
            <object_component_ref idref="oc-57"/>
            <object_component_ref idref="oc-5c"/>
            <object_component_ref idref="oc-66"/>
            <object_component_ref idref="oc-6d"/>
            <object_component_ref idref="oc-73"/>
            <object_component_ref idref="oc-7c"/>
         </contents>
      </logical_group>
      <logical_group id="lg-c">
         <name>.cio</name>
         <run_address>0x0</run_address>
         <size>0x0</size>
         <contents>
         </contents>
      </logical_group>
      <logical_group id="lg-d">
         <name>.csldata</name>
         <run_address>0x0</run_address>
         <size>0x0</size>
         <contents>
         </contents>
      </logical_group>
      <logical_group id="lg-af">
         <name>.debug_info</name>
         <load_address>0x0</load_address>
         <run_address>0x0</run_address>
         <size>0xd4bb</size>
         <contents>
            <object_component_ref idref="oc-11"/>
            <object_component_ref idref="oc-15"/>
            <object_component_ref idref="oc-19"/>
            <object_component_ref idref="oc-1c"/>
            <object_component_ref idref="oc-22"/>
            <object_component_ref idref="oc-29"/>
            <object_component_ref idref="oc-2d"/>
            <object_component_ref idref="oc-31"/>
            <object_component_ref idref="oc-38"/>
            <object_component_ref idref="oc-3c"/>
            <object_component_ref idref="oc-41"/>
            <object_component_ref idref="oc-44"/>
            <object_component_ref idref="oc-47"/>
            <object_component_ref idref="oc-4a"/>
            <object_component_ref idref="oc-4d"/>
            <object_component_ref idref="oc-54"/>
            <object_component_ref idref="oc-59"/>
            <object_component_ref idref="oc-5f"/>
            <object_component_ref idref="oc-63"/>
            <object_component_ref idref="oc-69"/>
            <object_component_ref idref="oc-6f"/>
            <object_component_ref idref="oc-75"/>
            <object_component_ref idref="oc-79"/>
            <object_component_ref idref="oc-7e"/>
            <object_component_ref idref="oc-80"/>
            <object_component_ref idref="oc-b9"/>
         </contents>
      </logical_group>
      <logical_group id="lg-b1">
         <name>.debug_line</name>
         <load_address>0x0</load_address>
         <run_address>0x0</run_address>
         <size>0xcb7</size>
         <contents>
            <object_component_ref idref="oc-12"/>
            <object_component_ref idref="oc-16"/>
            <object_component_ref idref="oc-1a"/>
            <object_component_ref idref="oc-20"/>
            <object_component_ref idref="oc-27"/>
            <object_component_ref idref="oc-2f"/>
            <object_component_ref idref="oc-36"/>
            <object_component_ref idref="oc-3a"/>
            <object_component_ref idref="oc-3f"/>
            <object_component_ref idref="oc-42"/>
            <object_component_ref idref="oc-45"/>
            <object_component_ref idref="oc-48"/>
            <object_component_ref idref="oc-4b"/>
            <object_component_ref idref="oc-4e"/>
            <object_component_ref idref="oc-55"/>
            <object_component_ref idref="oc-5a"/>
            <object_component_ref idref="oc-60"/>
            <object_component_ref idref="oc-64"/>
            <object_component_ref idref="oc-6a"/>
            <object_component_ref idref="oc-70"/>
            <object_component_ref idref="oc-76"/>
            <object_component_ref idref="oc-7a"/>
            <object_component_ref idref="oc-7f"/>
            <object_component_ref idref="oc-81"/>
         </contents>
      </logical_group>
      <logical_group id="lg-b3">
         <name>.debug_abbrev</name>
         <load_address>0x0</load_address>
         <run_address>0x0</run_address>
         <size>0x18f8</size>
         <contents>
            <object_component_ref idref="oc-13"/>
            <object_component_ref idref="oc-17"/>
            <object_component_ref idref="oc-1b"/>
            <object_component_ref idref="oc-21"/>
            <object_component_ref idref="oc-28"/>
            <object_component_ref idref="oc-2c"/>
            <object_component_ref idref="oc-30"/>
            <object_component_ref idref="oc-37"/>
            <object_component_ref idref="oc-3b"/>
            <object_component_ref idref="oc-40"/>
            <object_component_ref idref="oc-43"/>
            <object_component_ref idref="oc-46"/>
            <object_component_ref idref="oc-49"/>
            <object_component_ref idref="oc-4c"/>
            <object_component_ref idref="oc-4f"/>
            <object_component_ref idref="oc-53"/>
            <object_component_ref idref="oc-58"/>
            <object_component_ref idref="oc-5e"/>
            <object_component_ref idref="oc-62"/>
            <object_component_ref idref="oc-68"/>
            <object_component_ref idref="oc-6e"/>
            <object_component_ref idref="oc-74"/>
            <object_component_ref idref="oc-78"/>
            <object_component_ref idref="oc-7d"/>
            <object_component_ref idref="oc-82"/>
            <object_component_ref idref="oc-ba"/>
         </contents>
      </logical_group>
      <logical_group id="lg-b5">
         <name>.debug_frame</name>
         <load_address>0x0</load_address>
         <run_address>0x0</run_address>
         <size>0xbef</size>
         <contents>
            <object_component_ref idref="oc-1f"/>
            <object_component_ref idref="oc-26"/>
            <object_component_ref idref="oc-2e"/>
            <object_component_ref idref="oc-35"/>
         </contents>
      </logical_group>
   </logical_group_list>
   <placement_map>
      <memory_area>
         <name>IVECS</name>
         <page_id>0x0</page_id>
         <origin>0x0</origin>
         <length>0x220</length>
         <used_space>0x200</used_space>
         <unused_space>0x20</unused_space>
         <attributes>RWIX</attributes>
         <usage_details>
            <allocated_space>
               <start_address>0x0</start_address>
               <size>0x200</size>
               <logical_group_ref idref="lg-3"/>
            </allocated_space>
            <available_space>
               <start_address>0x200</start_address>
               <size>0x20</size>
            </available_space>
         </usage_details>
      </memory_area>
      <memory_area>
         <name>IRAM</name>
         <page_id>0x0</page_id>
         <origin>0x220</origin>
         <length>0x2fde0</length>
         <used_space>0x4014</used_space>
         <unused_space>0x2bdcc</unused_space>
         <attributes>RWIX</attributes>
         <usage_details>
            <allocated_space>
               <start_address>0x220</start_address>
               <size>0x0</size>
               <logical_group_ref idref="lg-5"/>
            </allocated_space>
            <allocated_space>
               <start_address>0x220</start_address>
               <size>0x2ac0</size>
               <logical_group_ref idref="lg-4"/>
            </allocated_space>
            <allocated_space>
               <start_address>0x2ce0</start_address>
               <size>0x1000</size>
               <logical_group_ref idref="lg-7"/>
            </allocated_space>
            <allocated_space>
               <start_address>0x3ce0</start_address>
               <size>0x2d4</size>
               <logical_group_ref idref="lg-6"/>
            </allocated_space>
            <allocated_space>
               <start_address>0x3fb4</start_address>
               <size>0x220</size>
               <logical_group_ref idref="lg-b"/>
            </allocated_space>
            <allocated_space>
               <start_address>0x41d4</start_address>
               <size>0x60</size>
               <logical_group_ref idref="lg-9"/>
            </allocated_space>
            <available_space>
               <start_address>0x4234</start_address>
               <size>0x2bdcc</size>
            </available_space>
         </usage_details>
      </memory_area>
      <memory_area>
         <name>SDRAM</name>
         <page_id>0x0</page_id>
         <origin>0x80000000</origin>
         <length>0x1000000</length>
         <used_space>0x0</used_space>
         <unused_space>0x1000000</unused_space>
         <attributes>RWIX</attributes>
         <usage_details>
         </usage_details>
      </memory_area>
      <memory_area>
         <name>FLASH</name>
         <page_id>0x0</page_id>
         <origin>0x90000000</origin>
         <length>0x20000</length>
         <used_space>0x0</used_space>
         <unused_space>0x20000</unused_space>
         <attributes>RWIX</attributes>
         <usage_details>
         </usage_details>
      </memory_area>
   </placement_map>
   <symbol_table>
      <symbol id="sm-0">
         <name>cinit</name>
         <value>0x3ce0</value>
      </symbol>
      <symbol id="sm-1">
         <name>___cinit__</name>
         <value>0x3ce0</value>
      </symbol>
      <symbol id="sm-2">
         <name>pinit</name>
         <value>0xffffffff</value>
      </symbol>
      <symbol id="sm-3">
         <name>___pinit__</name>
         <value>0xffffffff</value>
      </symbol>
      <symbol id="sm-4">
         <name>binit</name>
         <value>0xffffffff</value>
      </symbol>
      <symbol id="sm-5">
         <name>___binit__</name>
         <value>0xffffffff</value>
      </symbol>
      <symbol id="sm-6">
         <name>__STACK_SIZE</name>
         <value>0x1000</value>
      </symbol>
      <symbol id="sm-7">
         <name>__STACK_END</name>
         <value>0x3ce0</value>
      </symbol>
      <symbol id="sm-8">
         <name>___c_args__</name>
         <value>0xffffffff</value>
      </symbol>
      <symbol id="sm-9">
         <name>.text</name>
         <value>0x220</value>
      </symbol>
      <symbol id="sm-a">
         <name>___text__</name>
         <value>0x220</value>
      </symbol>
      <symbol id="sm-b">
         <name>etext</name>
         <value>0x2ce0</value>
      </symbol>
      <symbol id="sm-c">
         <name>___etext__</name>
         <value>0x2ce0</value>
      </symbol>
      <symbol id="sm-d">
         <name>.bss</name>
         <value>0x220</value>
      </symbol>
      <symbol id="sm-e">
         <name>___bss__</name>
         <value>0x220</value>
      </symbol>
      <symbol id="sm-f">
         <name>end</name>
         <value>0x220</value>
      </symbol>
      <symbol id="sm-10">
         <name>___end__</name>
         <value>0x220</value>
      </symbol>
      <symbol id="sm-11">
         <name>___TI_pprof_out_hndl</name>
         <value>0xffffffff</value>
      </symbol>
      <symbol id="sm-12">
         <name>___TI_prof_data_start</name>
         <value>0xffffffff</value>
      </symbol>
      <symbol id="sm-13">
         <name>___TI_prof_data_size</name>
         <value>0xffffffff</value>
      </symbol>
      <symbol id="sm-14">
         <name>$bss</name>
         <value>0x220</value>
      </symbol>
      <symbol id="sm-42">
         <name>_vector10</name>
         <value>0x140</value>
         <object_component_ref idref="oc-10"/>
      </symbol>
      <symbol id="sm-43">
         <name>_vector12</name>
         <value>0x180</value>
         <object_component_ref idref="oc-10"/>
      </symbol>
      <symbol id="sm-44">
         <name>_vector13</name>
         <value>0x1a0</value>
         <object_component_ref idref="oc-10"/>
      </symbol>
      <symbol id="sm-45">
         <name>_vector14</name>
         <value>0x1c0</value>
         <object_component_ref idref="oc-10"/>
      </symbol>
      <symbol id="sm-46">
         <name>_vector15</name>
         <value>0x1e0</value>
         <object_component_ref idref="oc-10"/>
      </symbol>
      <symbol id="sm-47">
         <name>_vectors</name>
         <value>0x0</value>
         <object_component_ref idref="oc-10"/>
      </symbol>
      <symbol id="sm-48">
         <name>_vector1</name>
         <value>0x20</value>
         <object_component_ref idref="oc-10"/>
      </symbol>
      <symbol id="sm-49">
         <name>_vector3</name>
         <value>0x60</value>
         <object_component_ref idref="oc-10"/>
      </symbol>
      <symbol id="sm-4a">
         <name>_vector2</name>
         <value>0x40</value>
         <object_component_ref idref="oc-10"/>
      </symbol>
      <symbol id="sm-4b">
         <name>_vector4</name>
         <value>0x80</value>
         <object_component_ref idref="oc-10"/>
      </symbol>
      <symbol id="sm-4c">
         <name>_vector7</name>
         <value>0xe0</value>
         <object_component_ref idref="oc-10"/>
      </symbol>
      <symbol id="sm-4d">
         <name>_vector6</name>
         <value>0xc0</value>
         <object_component_ref idref="oc-10"/>
      </symbol>
      <symbol id="sm-4e">
         <name>_vector9</name>
         <value>0x120</value>
         <object_component_ref idref="oc-10"/>
      </symbol>
      <symbol id="sm-4f">
         <name>_vector8</name>
         <value>0x100</value>
         <object_component_ref idref="oc-10"/>
      </symbol>
      <symbol id="sm-5b">
         <name>_correlateASM</name>
         <value>0x24c0</value>
         <object_component_ref idref="oc-14"/>
      </symbol>
      <symbol id="sm-63">
         <name>_getIFRASM</name>
         <value>0x2cc0</value>
         <object_component_ref idref="oc-18"/>
      </symbol>
      <symbol id="sm-ac">
         <name>_comm_poll</name>
         <value>0x220</value>
         <object_component_ref idref="oc-86"/>
      </symbol>
      <symbol id="sm-ad">
         <name>_output_left_sample</name>
         <value>0x46c</value>
         <object_component_ref idref="oc-86"/>
      </symbol>
      <symbol id="sm-ae">
         <name>_comm_intr</name>
         <value>0x8c0</value>
         <object_component_ref idref="oc-86"/>
      </symbol>
      <symbol id="sm-af">
         <name>_input_left_sample</name>
         <value>0x730</value>
         <object_component_ref idref="oc-86"/>
      </symbol>
      <symbol id="sm-b0">
         <name>_output_sample</name>
         <value>0x350</value>
         <object_component_ref idref="oc-86"/>
      </symbol>
      <symbol id="sm-b1">
         <name>_CODEC_stop</name>
         <value>0x320</value>
         <object_component_ref idref="oc-86"/>
      </symbol>
      <symbol id="sm-b2">
         <name>_CODEC_start</name>
         <value>0x254</value>
         <object_component_ref idref="oc-86"/>
      </symbol>
      <symbol id="sm-b3">
         <name>_config</name>
         <value>0x40b4</value>
         <object_component_ref idref="oc-1e"/>
      </symbol>
      <symbol id="sm-b4">
         <name>_input_right_sample</name>
         <value>0x7f8</value>
         <object_component_ref idref="oc-86"/>
      </symbol>
      <symbol id="sm-b5">
         <name>_AIC_data</name>
         <value>0x40b0</value>
         <object_component_ref idref="oc-1e"/>
      </symbol>
      <symbol id="sm-b6">
         <name>_hAIC23_handle</name>
         <value>0x40fc</value>
         <object_component_ref idref="oc-1e"/>
      </symbol>
      <symbol id="sm-b7">
         <name>_AIC23CfgData</name>
         <value>0x40dc</value>
         <object_component_ref idref="oc-1e"/>
      </symbol>
      <symbol id="sm-b8">
         <name>_input_sample</name>
         <value>0x62c</value>
         <object_component_ref idref="oc-86"/>
      </symbol>
      <symbol id="sm-b9">
         <name>_output_right_sample</name>
         <value>0x54c</value>
         <object_component_ref idref="oc-86"/>
      </symbol>
      <symbol id="sm-cd">
         <name>_inputsource</name>
         <value>0x41b8</value>
         <object_component_ref idref="oc-24"/>
      </symbol>
      <symbol id="sm-ce">
         <name>_AUDIO_dacWrite</name>
         <value>0x2468</value>
         <object_component_ref idref="oc-9e"/>
      </symbol>
      <symbol id="sm-cf">
         <name>_AIC23_output</name>
         <value>0x41ac</value>
         <object_component_ref idref="oc-24"/>
      </symbol>
      <symbol id="sm-d0">
         <name>_AUDIO_init</name>
         <value>0x2400</value>
         <object_component_ref idref="oc-9e"/>
      </symbol>
      <symbol id="sm-d1">
         <name>_fs</name>
         <value>0x41b4</value>
         <object_component_ref idref="oc-24"/>
      </symbol>
      <symbol id="sm-d2">
         <name>_aic23AdcFlag</name>
         <value>0x41a8</value>
         <object_component_ref idref="oc-24"/>
      </symbol>
      <symbol id="sm-d3">
         <name>_c_aic23_ISR</name>
         <value>0x1c60</value>
         <object_component_ref idref="oc-25"/>
      </symbol>
      <symbol id="sm-d4">
         <name>_AUDIO_adcRead</name>
         <value>0x2434</value>
         <object_component_ref idref="oc-9e"/>
      </symbol>
      <symbol id="sm-d5">
         <name>_AIC23_input</name>
         <value>0x41b0</value>
         <object_component_ref idref="oc-24"/>
      </symbol>
      <symbol id="sm-df">
         <name>_effectConfiguration</name>
         <value>0x41d0</value>
         <object_component_ref idref="oc-2b"/>
      </symbol>
      <symbol id="sm-f8">
         <name>_main</name>
         <value>0x2260</value>
         <object_component_ref idref="oc-8e"/>
      </symbol>
      <symbol id="sm-117">
         <name>_MCBSP_SPIConfig</name>
         <value>0x4160</value>
         <object_component_ref idref="oc-33"/>
      </symbol>
      <symbol id="sm-118">
         <name>_SPI_write</name>
         <value>0x14c0</value>
         <object_component_ref idref="oc-9c"/>
      </symbol>
      <symbol id="sm-119">
         <name>_SPI_read</name>
         <value>0x1534</value>
         <object_component_ref idref="oc-9c"/>
      </symbol>
      <symbol id="sm-11a">
         <name>_c_int05</name>
         <value>0x2aa0</value>
         <object_component_ref idref="oc-34"/>
      </symbol>
      <symbol id="sm-11b">
         <name>_SPI_init</name>
         <value>0x13c0</value>
         <object_component_ref idref="oc-9c"/>
      </symbol>
      <symbol id="sm-11c">
         <name>_hSpi</name>
         <value>0x4180</value>
         <object_component_ref idref="oc-33"/>
      </symbol>
      <symbol id="sm-11d">
         <name>_SPI_rrdy</name>
         <value>0x1570</value>
         <object_component_ref idref="oc-9c"/>
      </symbol>
      <symbol id="sm-11e">
         <name>_spiRxFlag</name>
         <value>0x4184</value>
         <object_component_ref idref="oc-33"/>
      </symbol>
      <symbol id="sm-12a">
         <name>_c_int00</name>
         <value>0x28a0</value>
         <object_component_ref idref="oc-e"/>
      </symbol>
      <symbol id="sm-12b">
         <name>__stack</name>
         <value>0x2ce0</value>
         <object_component_ref idref="oc-39"/>
      </symbol>
      <symbol id="sm-13b">
         <name>C$$EXIT</name>
         <value>0x2c80</value>
         <object_component_ref idref="oc-8f"/>
      </symbol>
      <symbol id="sm-13c">
         <name>_exit</name>
         <value>0x2180</value>
         <object_component_ref idref="oc-85"/>
      </symbol>
      <symbol id="sm-13d">
         <name>___TI_enable_exit_profile_output</name>
         <value>0x41c4</value>
         <object_component_ref idref="oc-3e"/>
      </symbol>
      <symbol id="sm-13e">
         <name>_abort</name>
         <value>0x2c80</value>
         <object_component_ref idref="oc-8f"/>
      </symbol>
      <symbol id="sm-13f">
         <name>__cleanup_ptr</name>
         <value>0x41bc</value>
         <object_component_ref idref="oc-3e"/>
      </symbol>
      <symbol id="sm-140">
         <name>__dtors_ptr</name>
         <value>0x41c0</value>
         <object_component_ref idref="oc-3e"/>
      </symbol>
      <symbol id="sm-14a">
         <name>__args_main</name>
         <value>0x2a60</value>
         <object_component_ref idref="oc-84"/>
      </symbol>
      <symbol id="sm-14b">
         <name>__TI_args_main</name>
         <value>0x1</value>
      </symbol>
      <symbol id="sm-155">
         <name>__auto_init</name>
         <value>0x1fa0</value>
         <object_component_ref idref="oc-83"/>
      </symbol>
      <symbol id="sm-15f">
         <name>___TI_cpp_init</name>
         <value>0x2820</value>
         <object_component_ref idref="oc-8d"/>
      </symbol>
      <symbol id="sm-169">
         <name>_copy_in</name>
         <value>0x2340</value>
         <object_component_ref idref="oc-8b"/>
      </symbol>
      <symbol id="sm-173">
         <name>_memcpy</name>
         <value>0x1180</value>
         <object_component_ref idref="oc-8c"/>
      </symbol>
      <symbol id="sm-18f">
         <name>_IRQ_clear</name>
         <value>0x2b00</value>
         <object_component_ref idref="oc-9d"/>
      </symbol>
      <symbol id="sm-190">
         <name>__IRQ_eventTable</name>
         <value>0x3fdc</value>
         <object_component_ref idref="oc-52"/>
      </symbol>
      <symbol id="sm-191">
         <name>_IRQ_nmiEnable</name>
         <value>0x2b60</value>
         <object_component_ref idref="oc-9a"/>
      </symbol>
      <symbol id="sm-192">
         <name>_IRQ_reset</name>
         <value>0x2a20</value>
         <object_component_ref idref="oc-98"/>
      </symbol>
      <symbol id="sm-193">
         <name>__IRQ_intTable</name>
         <value>0x4060</value>
         <object_component_ref idref="oc-52"/>
      </symbol>
      <symbol id="sm-194">
         <name>_IRQ_globalEnable</name>
         <value>0x2b40</value>
         <object_component_ref idref="oc-99"/>
      </symbol>
      <symbol id="sm-195">
         <name>_IRQ_globalDisable</name>
         <value>0x2b20</value>
         <object_component_ref idref="oc-95"/>
      </symbol>
      <symbol id="sm-196">
         <name>_IRQ_map</name>
         <value>0x1600</value>
         <object_component_ref idref="oc-97"/>
      </symbol>
      <symbol id="sm-197">
         <name>__IRQ_dispatchTable</name>
         <value>0x40a0</value>
         <object_component_ref idref="oc-52"/>
      </symbol>
      <symbol id="sm-198">
         <name>__IRQ_hookFetchPacket</name>
         <value>0x2ca0</value>
         <object_component_ref idref="oc-50"/>
      </symbol>
      <symbol id="sm-1be">
         <name>_MCBSP_reset</name>
         <value>0x17c0</value>
         <object_component_ref idref="oc-9b"/>
      </symbol>
      <symbol id="sm-1bf">
         <name>_MCBSP_read</name>
         <value>0x2c00</value>
         <object_component_ref idref="oc-94"/>
      </symbol>
      <symbol id="sm-1c0">
         <name>_MCBSP_close</name>
         <value>0x2640</value>
         <object_component_ref idref="oc-88"/>
      </symbol>
      <symbol id="sm-1c1">
         <name>_MCBSP_getXmtEventId</name>
         <value>0x2be0</value>
         <object_component_ref idref="oc-96"/>
      </symbol>
      <symbol id="sm-1c2">
         <name>_MCBSP_open</name>
         <value>0x1da0</value>
         <object_component_ref idref="oc-89"/>
      </symbol>
      <symbol id="sm-1c3">
         <name>__MCBSP_hDev0</name>
         <value>0x4130</value>
         <object_component_ref idref="oc-57"/>
      </symbol>
      <symbol id="sm-1c4">
         <name>__MCBSP_hDev1</name>
         <value>0x4134</value>
         <object_component_ref idref="oc-57"/>
      </symbol>
      <symbol id="sm-1c5">
         <name>_MCBSP_start</name>
         <value>0x1ea0</value>
         <object_component_ref idref="oc-8a"/>
      </symbol>
      <symbol id="sm-1c6">
         <name>_MCBSP_rrdy</name>
         <value>0x2c20</value>
         <object_component_ref idref="oc-93"/>
      </symbol>
      <symbol id="sm-1c7">
         <name>_MCBSP_enableRcv</name>
         <value>0x2b80</value>
         <object_component_ref idref="oc-a0"/>
      </symbol>
      <symbol id="sm-1c8">
         <name>_MCBSP_config</name>
         <value>0x26e0</value>
         <object_component_ref idref="oc-90"/>
      </symbol>
      <symbol id="sm-1c9">
         <name>_MCBSP_xrdy</name>
         <value>0x2c60</value>
         <object_component_ref idref="oc-91"/>
      </symbol>
      <symbol id="sm-1ca">
         <name>_MCBSP_write</name>
         <value>0x2c40</value>
         <object_component_ref idref="oc-92"/>
      </symbol>
      <symbol id="sm-1cb">
         <name>_MCBSP_enableXmt</name>
         <value>0x2bc0</value>
         <object_component_ref idref="oc-a1"/>
      </symbol>
      <symbol id="sm-1cc">
         <name>_MCBSP_enableSrgr</name>
         <value>0x2ba0</value>
         <object_component_ref idref="oc-a2"/>
      </symbol>
      <symbol id="sm-1da">
         <name>_DSK6713_init</name>
         <value>0xa2c</value>
         <object_component_ref idref="oc-5b"/>
      </symbol>
      <symbol id="sm-1db">
         <name>_DSK6713_version</name>
         <value>0x4186</value>
         <object_component_ref idref="oc-5c"/>
      </symbol>
      <symbol id="sm-1dc">
         <name>_DSK6713_rget</name>
         <value>0xd48</value>
         <object_component_ref idref="oc-5b"/>
      </symbol>
      <symbol id="sm-1dd">
         <name>_DSK6713_wait</name>
         <value>0xd70</value>
         <object_component_ref idref="oc-5b"/>
      </symbol>
      <symbol id="sm-1de">
         <name>_DSK6713_rset</name>
         <value>0xd5c</value>
         <object_component_ref idref="oc-5b"/>
      </symbol>
      <symbol id="sm-1df">
         <name>_DSK6713_waitusec</name>
         <value>0xdc8</value>
         <object_component_ref idref="oc-5b"/>
      </symbol>
      <symbol id="sm-1e0">
         <name>_DSK6713_getVersion</name>
         <value>0xdf4</value>
         <object_component_ref idref="oc-5b"/>
      </symbol>
      <symbol id="sm-1ea">
         <name>_DSK6713_AIC23_closeCodec</name>
         <value>0x2920</value>
         <object_component_ref idref="oc-61"/>
      </symbol>
      <symbol id="sm-1f8">
         <name>_DSK6713_AIC23_codeccontrolhandle</name>
         <value>0x41c8</value>
         <object_component_ref idref="oc-66"/>
      </symbol>
      <symbol id="sm-1f9">
         <name>_DSK6713_AIC23_codecdatahandle</name>
         <value>0x41cc</value>
         <object_component_ref idref="oc-66"/>
      </symbol>
      <symbol id="sm-1fa">
         <name>_DSK6713_AIC23_openCodec</name>
         <value>0xe60</value>
         <object_component_ref idref="oc-65"/>
      </symbol>
      <symbol id="sm-208">
         <name>_DSK6713_AIC23_config</name>
         <value>0x1bc0</value>
         <object_component_ref idref="oc-6b"/>
      </symbol>
      <symbol id="sm-209">
         <name>_DSK6713_AIC23_rget</name>
         <value>0x1b9c</value>
         <object_component_ref idref="oc-6b"/>
      </symbol>
      <symbol id="sm-20a">
         <name>_DSK6713_AIC23_rset</name>
         <value>0x1b00</value>
         <object_component_ref idref="oc-6b"/>
      </symbol>
      <symbol id="sm-218">
         <name>_DSK6713_AIC23_setFreq</name>
         <value>0x2580</value>
         <object_component_ref idref="oc-71"/>
      </symbol>
      <symbol id="sm-222">
         <name>_DSK6713_DIP_init</name>
         <value>0x29a0</value>
         <object_component_ref idref="oc-77"/>
      </symbol>
      <symbol id="sm-223">
         <name>_DSK6713_DIP_get</name>
         <value>0x29a8</value>
         <object_component_ref idref="oc-77"/>
      </symbol>
      <symbol id="sm-22f">
         <name>_DSK6713_LED_init</name>
         <value>0x1960</value>
         <object_component_ref idref="oc-7b"/>
      </symbol>
      <symbol id="sm-230">
         <name>_DSK6713_LED_on</name>
         <value>0x19e4</value>
         <object_component_ref idref="oc-7b"/>
      </symbol>
      <symbol id="sm-231">
         <name>_DSK6713_LED_toggle</name>
         <value>0x1a40</value>
         <object_component_ref idref="oc-7b"/>
      </symbol>
      <symbol id="sm-232">
         <name>_DSK6713_LED_off</name>
         <value>0x1988</value>
         <object_component_ref idref="oc-7b"/>
      </symbol>
      <symbol id="sm-23a">
         <name>__strasg</name>
         <value>0x20a0</value>
         <object_component_ref idref="oc-87"/>
      </symbol>
   </symbol_table>
</link_info>
